[
  {
    "Type": "Notifications",
    "X": 172.0,
    "Y": 62.0,
    "Scale": 1.05,
    "HorizontalFacing": "Right",
    "VerticalFacing": "Down",
    "Blur": true,
    "Mode": "Novoline",
    "Color Value": 5
  },
  {
    "Type": "TimeRender",
    "X": -101.0,
    "Y": 42.0,
    "Scale": 1.0,
    "HorizontalFacing": "Middle",
    "VerticalFacing": "Down",
    "Color": "Tenacity",
    "blur": false
  },
  {
    "Type": "FpsRender",
    "X": -169.0,
    "Y": 42.0,
    "Scale": 1.0,
    "HorizontalFacing": "Middle",
    "VerticalFacing": "Down",
    "Color": "Tenacity",
    "blur": false
  },
  {
    "Type": "TargetHud",
    "X": 620.0,
    "Y": 196.0,
    "Scale": 1.0,
    "HorizontalFacing": "Left",
    "VerticalFacing": "Up",
    "Style": "Vape",
    "Blur": true,
    "CFont": false,
    "Outline": false,
    "HP-FadeSpeed": 2.0,
    "R": 0,
    "G": 111,
    "B": 255,
    "R2": 0,
    "G2": 111,
    "B2": 255
  },
  {
    "Type": "Effects",
    "X": 568.0,
    "Y": 111.0,
    "Scale": 1.0,
    "HorizontalFacing": "Left",
    "VerticalFacing": "Up",
    "blur": true
  },
  {
    "Type": "Radar",
    "X": 35.0,
    "Y": 104.0,
    "Scale": 1.0,
    "HorizontalFacing": "Left",
    "VerticalFacing": "Up",
    "Blur": false,
    "Shader": false,
    "Color": "Sync",
    "Radius": 0.0,
    "Size": 90.0,
    "View Distance": 4.0,
    "Player Shape": "Triangle",
    "Player Size": 2.0,
    "FOV Size": 10.0,
    "Use Exhi Rect": false,
    "Line": false,
    "Line-Rainbow": "Off",
    "Line-Red": 255,
    "Line-Green": 255,
    "Line-Blue": 255,
    "Line-Alpha": 255,
    "Saturation": 0.9,
    "Brightness": 1.0,
    "Seconds": 2,
    "Line-Distance": 0,
    "Gradient-Amount": 25,
    "Background Red": 0,
    "Background Green": 0,
    "Background Blue": 0,
    "Background Alpha": 50,
    "Border": true,
    "Border Strength": 2.0,
    "Border Red": 0,
    "Border Green": 0,
    "Border Blue": 0,
    "Border Alpha": 150
  },
  {
    "Type": "Armor",
    "X": -13.0,
    "Y": 478.0,
    "Scale": 0.9,
    "HorizontalFacing": "Middle",
    "VerticalFacing": "Up",
    "Text-Color": "Custom",
    "Brightness": 1.0,
    "Text-R": 255,
    "Text-G": 255,
    "Text-B": 255,
    "NewRainbowOffset": 1,
    "Saturation": 0.48039216,
    "AllSpeed": 0
  },
  {
    "Type": "Arraylist",
    "X": 122.0,
    "Y": -1.0,
    "Scale": 1.0,
    "HorizontalFacing": "Right",
    "VerticalFacing": "Up",
    "Color": "Custom",
    "Blur-Strength": 1.0,
    "Blur": false,
    "Red": 24,
    "Green": 236,
    "Blue": 255,
    "Alpha": 255,
    "Saturation": 1.0,
    "Brightness": 1.0,
    "GidentSpeed": 107,
    "Sky-Distance": 2,
    "CRainbow-Seconds": 2,
    "CRainbow-Distance": 2,
    "Mixer-Seconds": 2,
    "Mixer-Distance": 10,
    "LiquidSlowly-Distance": 90,
    "Fade-Distance": 50,
    "HorizontalAnimation": "Default",
    "VerticalAnimation": "LiquidSense",
    "Animation-Speed": 0.25,
    "NameBreak": true,
    "blur": false,
    "Alphabetical-Order": false,
    "Tags": true,
    "TagsStyle": "|",
    "ShadowText": true,
    "BackgroundColor": "Custom",
    "Background-R": 8,
    "Background-G": 198,
    "Background-B": 255,
    "Background-Alpha": 67,
    "Rect-Right": "Left",
    "Rect-Left": "Left",
    "LowerCase": false,
    "Space": 0.0,
    "TextHeight": 14.946808,
    "TextY": 1.0,
    "TagsArrayColor": false,
    "Font": {
      "fontName": "MiSans",
      "fontSize": 40
    }
  }
]
