[
  {
    "Type": "Notifications",
    "X": 131.0,
    "Y": 24.0,
    "Scale": 1.05,
    "HorizontalFacing": "Right",
    "VerticalFacing": "Down",
    "Blur": true,
    "Mode": "Novoline",
    "Color Value": 5
  },
  {
    "Type": "Armor",
    "X": -8.0,
    "Y": 72.0,
    "Scale": 1.0,
    "HorizontalFacing": "Middle",
    "VerticalFacing": "Down",
    "Text-Color": "Custom",
    "Brightness": 1.0,
    "Text-R": 255,
    "Text-G": 255,
    "Text-B": 255,
    "NewRainbowOffset": 1,
    "Saturation": 0.48039216,
    "AllSpeed": 0
  },
  {
    "Type": "Effects",
    "X": 70.0,
    "Y": 132.0,
    "Scale": 1.0,
    "HorizontalFacing": "Left",
    "VerticalFacing": "Up",
    "blur": true
  },
  {
    "Type": "Arraylist",
    "X": 103.0,
    "Y": -1.0,
    "Scale": 1.0,
    "HorizontalFacing": "Right",
    "VerticalFacing": "Up",
    "Color": "Custom",
    "Blur-Strength": 1.0,
    "Blur": false,
    "Red": 255,
    "Green": 13,
    "Blue": 255,
    "Alpha": 255,
    "Saturation": 1.0,
    "Brightness": 1.0,
    "GidentSpeed": 107,
    "Sky-Distance": 2,
    "CRainbow-Seconds": 2,
    "CRainbow-Distance": 2,
    "Mixer-Seconds": 2,
    "Mixer-Distance": 10,
    "LiquidSlowly-Distance": 90,
    "Fade-Distance": 50,
    "HorizontalAnimation": "Default",
    "VerticalAnimation": "LiquidSense",
    "Animation-Speed": 0.25,
    "NameBreak": true,
    "blur": false,
    "Alphabetical-Order": false,
    "Tags": true,
    "TagsStyle": "|",
    "ShadowText": true,
    "BackgroundColor": "Custom",
    "Background-R": 255,
    "Background-G": 255,
    "Background-B": 255,
    "Background-Alpha": 29,
    "Rect-Right": "Left",
    "Rect-Left": "Left",
    "LowerCase": false,
    "Space": 0.0,
    "TextHeight": 15.553192,
    "TextY": 3.8297873,
    "TagsArrayColor": false,
    "Font": {
      "fontName": "MiSans",
      "fontSize": 40
    }
  }
]
