[
  {
    "Type": "Armor",
    "X": -8.0,
    "Y": 57.0,
    "Scale": 1.0,
    "HorizontalFacing": "Middle",
    "VerticalFacing": "Down",
    "Alignment": "Horizontal"
  },
  {
    "Type": "NewEffects",
    "X": 605.0,
    "Y": 459.0,
    "Scale": 0.95,
    "HorizontalFacing": "Left",
    "VerticalFacing": "Up",
    "Blur": true
  },
  {
    "Type": "Notifications",
    "X": 3.0,
    "Y": 23.0,
    "Scale": 1.0,
    "HorizontalFacing": "Right",
    "VerticalFacing": "Down"
  },
  {
    "Type": "Arraylist",
    "X": -1.0,
    "Y": 255.0,
    "Scale": 1.0,
    "HorizontalFacing": "Right",
    "VerticalFacing": "Middle",
    "Color": "Custom",
    "ShadowText": false,
    "Red": 0,
    "Green": 255,
    "Blue": 255,
    "R2": 255,
    "G2": 255,
    "B2": 255,
    "GidentSpeed": 100,
    "Alpha": 255,
    "Gradinet-Offset": 0.2,
    "Gradinet-Speed": 2.0,
    "Gradinet-Red": 0,
    "Gradinet-Green": 0,
    "Gradinet-Blue": 255,
    "Gradinet-Red-2": 25,
    "Gradinet-Green-2": 45,
    "Gradinet-Blue-2": 150,
    "Saturation": 0.9,
    "Brightness": 1.0,
    "Sky-Distance": 2,
    "CRainbow-Seconds": 2,
    "CRainbow-Distance": 2,
    "LiquidSlowly-Distance": 90,
    "Fade-Distance": 50,
    "HorizontalAnimation": "None",
    "VerticalAnimation": "None",
    "Animation-Speed": 0.25,
    "NameBreak": true,
    "Alphabetical-Order": false,
    "Tags": true,
    "TagsStyle": "()",
    "Background-R": 2,
    "Background-G": 0,
    "Background-B": 0,
    "Background-Alpha": 0,
    "Rect-Right": "Left",
    "Rect-Left": "Left",
    "Case": "None",
    "Space": 4.488636,
    "TextHeight": 11.0,
    "TextY": 1.0,
    "TagsArrayColor": false,
    "Font": {
      "fontName": "Roboto Medium",
      "fontSize": 40
    }
  },
  {
    "Type": "HealthHud",
    "X": -1.0,
    "Y": -1.0,
    "Scale": 1.0,
    "HorizontalFacing": "Left",
    "VerticalFacing": "Up",
    "Shadow": "None",
    "blur": false,
    "noting": 1.0E-7
  },
  {
    "Type": "ArmorHud",
    "X": 39.0,
    "Y": -1.0,
    "Scale": 1.0,
    "HorizontalFacing": "Left",
    "VerticalFacing": "Up",
    "Shadow": "None",
    "blur": false,
    "Blur-Strength": 1.0,
    "noting": 1.0E-7
  }
]
