[
  {
    "Type": "Notifications",
    "X": 131.0,
    "Y": 24.0,
    "Scale": 1.05,
    "HorizontalFacing": "Right",
    "VerticalFacing": "Down",
    "Blur": true,
    "Mode": "Novoline",
    "Color Value": 5
  },
  {
    "Type": "Armor",
    "X": -13.555572509765625,
    "Y": -238.55551147460938,
    "Scale": 0.9,
    "HorizontalFacing": "Middle",
    "VerticalFacing": "Middle",
    "Text-Color": "Custom",
    "Brightness": 1.0,
    "Text-R": 255,
    "Text-G": 255,
    "Text-B": 255,
    "NewRainbowOffset": 1,
    "Saturation": 0.48039216,
    "AllSpeed": 0
  },
  {
    "Type": "Arraylist",
    "X": -400.0,
    "Y": -1.0,
    "Scale": 1.0,
    "HorizontalFacing": "Middle",
    "VerticalFacing": "Up",
    "Color": "Custom",
    "Blur-Strength": 1.0,
    "Blur": true,
    "Red": 0,
    "Green": 170,
    "Blue": 255,
    "Alpha": 255,
    "Saturation": 1.0,
    "Brightness": 1.0,
    "GidentSpeed": 107,
    "Sky-Distance": 2,
    "CRainbow-Seconds": 2,
    "CRainbow-Distance": 2,
    "Mixer-Seconds": 2,
    "Mixer-Distance": 10,
    "LiquidSlowly-Distance": 90,
    "Fade-Distance": 50,
    "HorizontalAnimation": "Default",
    "VerticalAnimation": "LiquidSense",
    "Animation-Speed": 0.25,
    "NameBreak": true,
    "blur": false,
    "Alphabetical-Order": false,
    "Tags": true,
    "TagsStyle": "[]",
    "ShadowText": true,
    "BackgroundColor": "Custom",
    "Background-R": 0,
    "Background-G": 200,
    "Background-B": 252,
    "Background-Alpha": 54,
    "Rect-Right": "Left",
    "Rect-Left": "Left",
    "LowerCase": false,
    "Space": 0.0,
    "TextHeight": 16.159575,
    "TextY": 4.255319,
    "TagsArrayColor": false,
    "Font": {
      "fontName": "MiSans",
      "fontSize": 40
    }
  },
  {
    "Type": "Radar",
    "X": 33.0,
    "Y": 100.0,
    "Scale": 1.0,
    "HorizontalFacing": "Left",
    "VerticalFacing": "Up",
    "Blur": true,
    "Shader": false,
    "Color": "Tenacity",
    "Radius": 0.0,
    "Size": 90.0,
    "View Distance": 4.0,
    "Player Shape": "Circle",
    "Player Size": 2.0,
    "FOV Size": 14.634146,
    "Use Exhi Rect": false,
    "Line": false,
    "Line-Rainbow": "Off",
    "Line-Red": 245,
    "Line-Green": 255,
    "Line-Blue": 255,
    "Line-Alpha": 255,
    "Saturation": 0.9,
    "Brightness": 1.0,
    "Seconds": 2,
    "Line-Distance": 0,
    "Gradient-Amount": 20,
    "Background Red": 0,
    "Background Green": 0,
    "Background Blue": 0,
    "Background Alpha": 87,
    "Border": true,
    "Border Strength": 1.0,
    "Border Red": 0,
    "Border Green": 0,
    "Border Blue": 0,
    "Border Alpha": 121
  },
  {
    "Type": "Effects",
    "X": 661.0,
    "Y": 95.0,
    "Scale": 1.0,
    "HorizontalFacing": "Left",
    "VerticalFacing": "Up",
    "blur": true
  },
  {
    "Type": "TimeRender",
    "X": -174.0,
    "Y": 42.0,
    "Scale": 1.0,
    "HorizontalFacing": "Middle",
    "VerticalFacing": "Down",
    "Color": "Sync",
    "blur": true
  },
  {
    "Type": "FpsRender",
    "X": -117.0,
    "Y": 467.0,
    "Scale": 1.0,
    "HorizontalFacing": "Middle",
    "VerticalFacing": "Up",
    "Color": "Sync",
    "blur": true
  }
]
