{
  "Misc": {
    "open": true,
    "visible": true,
    "posX": 931,
    "posY": 2,
    "AntiBot": {
      "Settings": false
    },
    "AtAllProvider": {
      "Settings": false
    },
    "ComponentOnHover": {
      "Settings": false
    },
    "LiquidChat": {
      "Settings": false
    },
    "MemoryFix": {
      "Settings": false
    },
    "MidClick": {
      "Settings": false
    },
    "NameProtect": {
      "Settings": false
    },
    "NoRotateSet": {
      "Settings": false
    },
    "ResourcePackSpoof": {
      "Settings": false
    },
    "Spammer": {
      "Settings": false
    },
    "TargetList": {
      "Settings": false
    },
    "Teams": {
      "Settings": false
    }
  },
  "Exploit": {
    "open": false,
    "visible": true,
    "posX": 1307,
    "posY": 717,
    "AbortBreaking": {
      "Settings": false
    },
    "AntiHunger": {
      "Settings": false
    },
    "AntiVoid": {
      "Settings": false
    },
    "BedGodMode": {
      "Settings": false
    },
    "BestAntiVoid": {
      "Settings": false
    },
    "Clip": {
      "Settings": false
    },
    "ConsoleSpammer": {
      "Settings": false
    },
    "Damage": {
      "Settings": false
    },
    "Derp": {
      "Settings": false
    },
    "Disabler": {
      "Settings": false
    },
    "ForceUnicodeChat": {
      "Settings": false
    },
    "Ghost": {
      "Settings": false
    },
    "GhostHand": {
      "Settings": false
    },
    "GodMode": {
      "Settings": false
    },
    "HytBypass": {
      "Settings": false
    },
    "ItemTeleport": {
      "Settings": false
    },
    "KeepContainer": {
      "Settings": false
    },
    "Kick": {
      "Settings": false
    },
    "MoreCarry": {
      "Settings": false
    },
    "MultiActions": {
      "Settings": false
    },
    "NoPitchLimit": {
      "Settings": false
    },
    "Paralyze": {
      "Settings": false
    },
    "Phase": {
      "Settings": false
    },
    "Plugins": {
      "Settings": false
    },
    "PortalMenu": {
      "Settings": false
    },
    "ServerCrasher": {
      "Settings": false
    },
    "SkinDerp": {
      "Settings": false
    },
    "Teleport": {
      "Settings": false
    }
  },
  "Legit": {
    "open": true,
    "visible": true,
    "posX": 326,
    "posY": 17,
    "Aimbot": {
      "Settings": false
    },
    "AutoClicker": {
      "Settings": false
    },
    "AutoTool": {
      "Settings": false
    },
    "ESP": {
      "Settings": false
    },
    "Eagle": {
      "Settings": false
    },
    "FastBreak": {
      "Settings": false
    },
    "FastPlace": {
      "Settings": false
    },
    "LegitSpeed": {
      "Settings": false
    },
    "Reach": {
      "Settings": false
    },
    "Sprint": {
      "Settings": false
    },
    "XRay": {
      "Settings": false
    }
  },
  "Gui": {
    "open": true,
    "visible": true,
    "posX": 1102,
    "posY": 26,
    "HudDesigner": {
      "Settings": false
    },
    "NewGUI": {
      "Settings": false
    },
    "SessionStats": {
      "Settings": false
    }
  },
  "Targets": {
    "open": true,
    "visible": true,
    "posX": 220,
    "posY": 0
  },
  "Render": {
    "open": true,
    "visible": true,
    "posX": 2,
    "posY": 0,
    "Animations": {
      "Settings": false
    },
    "AntiBlind": {
      "Settings": false
    },
    "BetterHotBar": {
      "Settings": false
    },
    "BlockESP": {
      "Settings": false
    },
    "BlockOverlay": {
      "Settings": false
    },
    "Breadcrumbs": {
      "Settings": false
    },
    "CameraClip": {
      "Settings": false
    },
    "Cape": {
      "Settings": false
    },
    "Chams": {
      "Settings": false
    },
    "ChinaHat": {
      "Settings": false
    },
    "ClickGUI": {
      "Settings": false
    },
    "ColorMixer": {
      "Settings": false
    },
    "Crosshair": {
      "Settings": false
    },
    "DamageParticle": {
      "Settings": false
    },
    "EnchantEffect": {
      "Settings": false
    },
    "FollowTargetHud": {
      "Settings": false
    },
    "FreeCam": {
      "Settings": false
    },
    "Fullbright": {
      "Settings": false
    },
    "HUD": {
      "Settings": false
    },
    "ItemESP": {
      "Settings": false
    },
    "ItemPhysics": {
      "Settings": true
    },
    "JumpCircle": {
      "Settings": false
    },
    "KeyBindManager": {
      "Settings": false
    },
    "KickWarn": {
      "Settings": false
    },
    "Logo": {
      "Settings": false
    },
    "MotionBlur": {
      "Settings": false
    },
    "MusicPlayer": {
      "Settings": false
    },
    "NameTags": {
      "Settings": false
    },
    "NoBob": {
      "Settings": false
    },
    "NoFOV": {
      "Settings": false
    },
    "NoHurtCam": {
      "Settings": false
    },
    "NoScoreboard": {
      "Settings": false
    },
    "NoSwing": {
      "Settings": false
    },
    "OldHitting": {
      "Settings": false
    },
    "PotionRender": {
      "Settings": false
    },
    "Projectiles": {
      "Settings": false
    },
    "ProphuntESP": {
      "Settings": false
    },
    "Rotations": {
      "Settings": false
    },
    "StorageESP": {
      "Settings": false
    },
    "TNTESP": {
      "Settings": false
    },
    "TabGui": {
      "Settings": false
    },
    "Tracers": {
      "Settings": false
    },
    "TrueSight": {
      "Settings": false
    }
  },
  "Hyt": {
    "open": true,
    "visible": true,
    "posX": 734,
    "posY": 0,
    "AntiBow": {
      "Settings": false
    },
    "AutoL": {
      "Settings": false
    },
    "CustomTitle": {
      "Settings": false
    },
    "FuckerHelper": {
      "Settings": false
    },
    "HytDisabler": {
      "Settings": false
    },
    "HytGetName": {
      "Settings": false
    },
    "HytVelocity": {
      "Settings": false
    },
    "NoFucker": {
      "Settings": true
    },
    "NoLagBack": {
      "Settings": false
    },
    "TKRun": {
      "Settings": false
    },
    "Test": {
      "Settings": false
    },
    "TianKengHelp": {
      "Settings": false
    }
  },
  "Player": {
    "open": true,
    "visible": true,
    "posX": 875,
    "posY": 261,
    "AntiAFK": {
      "Settings": false
    },
    "AntiAim": {
      "Settings": false
    },
    "AntiCactus": {
      "Settings": false
    },
    "AutoPlay": {
      "Settings": false
    },
    "AutoRespawn": {
      "Settings": false
    },
    "Blink": {
      "Settings": false
    },
    "FastUse": {
      "Settings": false
    },
    "InventoryCleaner": {
      "Settings": false
    },
    "KeepAlive": {
      "Settings": false
    },
    "NoFall": {
      "Settings": false
    },
    "PlayerEdit": {
      "Settings": false
    },
    "Regen": {
      "Settings": false
    },
    "ResetVL": {
      "Settings": false
    },
    "Zoot": {
      "Settings": false
    }
  },
  "Movement": {
    "open": true,
    "visible": true,
    "posX": 115,
    "posY": 70,
    "AirJump": {
      "Settings": false
    },
    "AirLadder": {
      "Settings": false
    },
    "AntiStuck": {
      "Settings": false
    },
    "AutoWalk": {
      "Settings": false
    },
    "BlockWalk": {
      "Settings": false
    },
    "BufferSpeed": {
      "Settings": false
    },
    "BugUp": {
      "Settings": false
    },
    "FastClimb": {
      "Settings": false
    },
    "FastStairs": {
      "Settings": false
    },
    "Flight": {
      "Settings": false
    },
    "Freeze": {
      "Settings": false
    },
    "HighJump": {
      "Settings": false
    },
    "IceSpeed": {
      "Settings": false
    },
    "InventoryMove": {
      "Settings": false
    },
    "LadderJump": {
      "Settings": false
    },
    "LiquidWalk": {
      "Settings": false
    },
    "LongJump": {
      "Settings": false
    },
    "NoClip": {
      "Settings": false
    },
    "NoJumpDelay": {
      "Settings": false
    },
    "NoSlow": {
      "Settings": false
    },
    "NoWeb": {
      "Settings": false
    },
    "Parkour": {
      "Settings": false
    },
    "PerfectHorseJump": {
      "Settings": false
    },
    "ReverseStep": {
      "Settings": false
    },
    "SafeWalk": {
      "Settings": false
    },
    "SlimeJump": {
      "Settings": false
    },
    "Sneak": {
      "Settings": false
    },
    "Speed": {
      "Settings": false
    },
    "Step": {
      "Settings": false
    },
    "Strafe": {
      "Settings": false
    },
    "WallClimb": {
      "Settings": false
    },
    "WaterSpeed": {
      "Settings": false
    }
  },
  "World": {
    "open": true,
    "visible": true,
    "posX": 228,
    "posY": 61,
    "Ambience": {
      "Settings": false
    },
    "AutoBreak": {
      "Settings": false
    },
    "ChestAura": {
      "Settings": false
    },
    "ChestStealer": {
      "Settings": false
    },
    "CivBreak": {
      "Settings": false
    },
    "FdpScaffold": {
      "Settings": false
    },
    "Fucker": {
      "Settings": false
    },
    "Liquids": {
      "Settings": true
    },
    "NoSlowBreak": {
      "Settings": false
    },
    "Nuker": {
      "Settings": false
    },
    "Scaffold": {
      "Settings": false
    },
    "Scaffold2": {
      "Settings": false
    },
    "SpeedMine": {
      "Settings": false
    },
    "Timer": {
      "Settings": false
    },
    "Tower": {
      "Settings": false
    }
  },
  "Combat": {
    "open": true,
    "visible": true,
    "posX": 453,
    "posY": 1,
    "AntiFireBall": {
      "Settings": false
    },
    "AuraKeepSprint": {
      "Settings": false
    },
    "AutoArmor": {
      "Settings": false
    },
    "AutoBow": {
      "Settings": false
    },
    "AutoHead": {
      "Settings": false
    },
    "AutoLeave": {
      "Settings": false
    },
    "AutoPot": {
      "Settings": false
    },
    "AutoSoup": {
      "Settings": false
    },
    "AutoWeapon": {
      "Settings": false
    },
    "BowAimbot": {
      "Settings": false
    },
    "Criticals": {
      "Settings": true
    },
    "FastBow": {
      "Settings": false
    },
    "HitBox": {
      "Settings": false
    },
    "Ignite": {
      "Settings": false
    },
    "KillAura": {
      "Settings": false
    },
    "NoFriends": {
      "Settings": false
    },
    "SuperKnockback": {
      "Settings": false
    },
    "TNTBlock": {
      "Settings": false
    },
    "TeleportHit": {
      "Settings": false
    },
    "Trigger": {
      "Settings": false
    },
    "Velocity": {
      "Settings": false
    }
  }
}
