[
  {
    "Type": "Notifications",
    "X": 143.0,
    "Y": 25.0,
    "Scale": 1.05,
    "HorizontalFacing": "Right",
    "VerticalFacing": "Down",
    "Blur": true,
    "Mode": "Novoline",
    "Color Value": 5
  },
  {
    "Type": "HotBar",
    "X": 344.0,
    "Y": 13.0,
    "Scale": 1.0,
    "HorizontalFacing": "Left",
    "VerticalFacing": "Up"
  },
  {
    "Type": "Arraylist",
    "X": 1.0,
    "Y": 2.0,
    "Scale": 1.0,
    "HorizontalFacing": "Right",
    "VerticalFacing": "Up",
    "Color": "Custom",
    "Blur-Strength": 1.0,
    "Blur": false,
    "Red": 0,
    "Green": 255,
    "Blue": 255,
    "Alpha": 255,
    "Saturation": 0.9,
    "Brightness": 1.0,
    "GidentSpeed": 100,
    "Sky-Distance": 2,
    "CRainbow-Seconds": 2,
    "CRainbow-Distance": 2,
    "Mixer-Seconds": 2,
    "Mixer-Distance": 10,
    "LiquidSlowly-Distance": 90,
    "Fade-Distance": 50,
    "HorizontalAnimation": "Default",
    "VerticalAnimation": "None",
    "Animation-Speed": 0.25,
    "NameBreak": true,
    "blur": false,
    "Alphabetical-Order": false,
    "Tags": true,
    "TagsStyle": "-",
    "ShadowText": true,
    "BackgroundColor": "Custom",
    "Background-R": 0,
    "Background-G": 0,
    "Background-B": 0,
    "Background-Alpha": 0,
    "Rect-Right": "Left",
    "Rect-Left": "None",
    "LowerCase": false,
    "Space": 2.65625,
    "TextHeight": 11.0,
    "TextY": 0.0,
    "TagsArrayColor": false,
    "Font": {
      "fontName": "Posterama",
      "fontSize": 40
    }
  },
  {
    "Type": "Radar",
    "X": 29.0,
    "Y": 93.0,
    "Scale": 1.0,
    "HorizontalFacing": "Left",
    "VerticalFacing": "Up",
    "Blur": false,
    "Shader": false,
    "Color": "Tenacity",
    "Radius": 0.0,
    "Size": 90.0,
    "View Distance": 4.0,
    "Player Shape": "Triangle",
    "Player Size": 2.0,
    "FOV Size": 10.0,
    "Use Exhi Rect": false,
    "Line": false,
    "Line-Rainbow": "Off",
    "Line-Red": 255,
    "Line-Green": 255,
    "Line-Blue": 255,
    "Line-Alpha": 255,
    "Saturation": 0.9,
    "Brightness": 1.0,
    "Seconds": 2,
    "Line-Distance": 0,
    "Gradient-Amount": 25,
    "Background Red": 0,
    "Background Green": 0,
    "Background Blue": 0,
    "Background Alpha": 50,
    "Border": true,
    "Border Strength": 2.0,
    "Border Red": 0,
    "Border Green": 0,
    "Border Blue": 0,
    "Border Alpha": 146
  },
  {
    "Type": "Armor",
    "X": 37.0,
    "Y": 72.0,
    "Scale": 1.0,
    "HorizontalFacing": "Middle",
    "VerticalFacing": "Down",
    "Text-Color": "Custom",
    "Brightness": 1.0,
    "Text-R": 255,
    "Text-G": 255,
    "Text-B": 255,
    "NewRainbowOffset": 1,
    "Saturation": 0.5555556,
    "AllSpeed": 0
  },
  {
    "Type": "TargetHud",
    "X": 666.0,
    "Y": 176.0,
    "Scale": 1.0,
    "HorizontalFacing": "Left",
    "VerticalFacing": "Up",
    "Style": "Vape",
    "Blur": true,
    "CFont": false,
    "Outline": false,
    "HP-FadeSpeed": 2.0,
    "R": 0,
    "G": 111,
    "B": 255,
    "R2": 0,
    "G2": 111,
    "B2": 255
  },
  {
    "Type": "Effects",
    "X": 598.0,
    "Y": 427.0,
    "Scale": 1.0,
    "HorizontalFacing": "Left",
    "VerticalFacing": "Up",
    "blur": true
  },
  {
    "Type": "FpsRender",
    "X": -184.0,
    "Y": 42.0,
    "Scale": 1.0,
    "HorizontalFacing": "Middle",
    "VerticalFacing": "Down",
    "Color": "Tenacity",
    "blur": false
  },
  {
    "Type": "TimeRender",
    "X": -116.0,
    "Y": 42.0,
    "Scale": 1.0,
    "HorizontalFacing": "Middle",
    "VerticalFacing": "Down",
    "Color": "Tenacity",
    "blur": false
  }
]
