{
  "CommandPrefix": ".",
  "targets": {
    "TargetPlayer": true,
    "TargetMobs": false,
    "TargetAnimals": false,
    "TargetInvisible": true,
    "TargetDead": true
  },
  "features": {
    "AntiForge": false,
    "AntiForgeFML": true,
    "AntiForgeProxy": true,
    "AntiForgePayloads": true,
    "BungeeSpoof": false,
    "AutoReconnectDelay": 5000
  },
  "thealtening": {
    "API-Key": ""
  },
  "liquidchat": {
    "token": ""
  },
  "DonatorCape": {
    "TransferCode": "",
    "CapeEnabled": true
  },
  "Background": {
    "Enabled": true,
    "Particles": false
  },
  "Aimbot": {
    "Range": 6.0,
    "TurnSpeed": 35.1,
    "FOV": 180.0,
    "Center": false,
    "Lock": true,
    "OnClick": false,
    "Jitter": false
  },
  "Ambience": {
    "TimeMode": "Normal",
    "WeatherMode": "None",
    "CustomTime": 1000,
    "ChangeWorldTimeSpeed": 150,
    "WeatherStrength": 1.0
  },
  "Animations": {
    "Blocking-X": 0.02,
    "Blocking-Y": 0.22,
    "Blocking-Z": 0.0,
    "Blocking-scale": 0.54,
    "Held-X": 0.0,
    "Held-Y": 0.2,
    "Held-Z": 0.0,
    "Held-scale": 0.54,
    "Held": true,
    "Progress": true,
    "Progress1.8": false,
    "Rotate-Speed": 1.0,
    "RotateMode": "None",
    "CustomRotateXAxis": 0.0,
    "CustomRotateYAxis": 5.35,
    "CustomRotateZAxis": 0.0,
    "Swing-Speed": 4,
    "Sword": "1.7"
  },
  "AntiAFK": {
    "Mode": "Custom",
    "SwingDelay": 100,
    "RotationDelay": 100,
    "RotationAngle": 1.0,
    "Jump": true,
    "Move": true,
    "Rotate": false,
    "Swing": true
  },
  "AntiAim": {
    "YawMove": "Spin",
    "PitchMode": "Down",
    "SilentRotate": true
  },
  "AntiBlind": {
    "Confusion": true,
    "Scoreboard": false,
    "Pumpkin": true,
    "Fire": false
  },
  "AntiBot": {
    "Tab": true,
    "TabMode": "Contains",
    "EntityID": true,
    "Color": false,
    "LivingTime": false,
    "LivingTimeTicks": 40,
    "Ground": true,
    "Air": false,
    "InvalidGround": true,
    "Swing": false,
    "Health": false,
    "Derp": true,
    "WasInvisible": false,
    "Armor": false,
    "Ping": false,
    "NeedHit": false,
    "DuplicateInWorld": false,
    "DuplicateInTab": false
  },
  "AntiBow": {
    "Distance": 40.0,
    "MoveTicks": 40,
    "AutoScaffold": true
  },
  "AntiFireBall": {
    "Swing": "Normal",
    "Rotation": true
  },
  "AntiStuck": {
    "Flags": 5
  },
  "AntiVoid": {
    "Mode": "Blink",
    "MaxFallDistance": 10.0,
    "ResetMotion": false,
    "BlinkStartFallDistance": 2.0,
    "BlinkAutoScaffold": true,
    "MotionFlag-MotionY": 1.0,
    "OnlyVoid": true
  },
  "AtAllProvider": {
    "MinDelay": 500,
    "MaxDelay": 1000,
    "Retry": false
  },
  "AuraKeepSprint": {
    "KeepMode": "CritHit"
  },
  "AutoArmor": {
    "MinDelay": 100,
    "MaxDelay": 200,
    "InvOpen": false,
    "SimulateInventory": true,
    "NoMove": false,
    "ItemDelay": 0,
    "Hotbar": true
  },
  "AutoBow": {
    "WaitForBowAimbot": true
  },
  "AutoClicker": {
    "MaxCPS": 1,
    "MinCPS": 1,
    "Right": false,
    "Left": false,
    "Jitter": false
  },
  "AutoHead": {
    "EatHead": true,
    "EatApples": true,
    "Health": 10.0,
    "Delay": 750
  },
  "AutoL": {
    "Mode": "ZhuBo"
  },
  "AutoLeave": {
    "Health": 8.0,
    "Mode": "Quit"
  },
  "AutoPlay": {
    "Server": "HuaYuTingGG",
    "JoinDelay": 3
  },
  "AutoPot": {
    "Health": 15.0,
    "Delay": 500,
    "OpenInv": false,
    "SimulateInventory": true,
    "GroundDistance": 2.0,
    "Mode": "Normal"
  },
  "AutoRespawn": {
    "Instant": true
  },
  "AutoSoup": {
    "Health": 15.0,
    "Delay": 150,
    "OpenInv": false,
    "SimulateInventory": true,
    "Bowl": "Drop"
  },
  "AutoWeapon": {
    "SpoofItem": false,
    "SpoofTicks": 10
  },
  "BestAntiVoid": {
    "PullbackTime": 850,
    "Debug": false
  },
  "BetterHotBar": {
    "bar": "Off",
    "Info": "Off",
    "girl": "Off",
    "Y-Offset": 36
  },
  "Blink": {
    "Pulse": false,
    "PulseDelay": 1000
  },
  "BlockESP": {
    "Mode": "Box",
    "Block": 168,
    "Radius": 40,
    "BlockLimit": 256,
    "R": 255,
    "G": 179,
    "B": 72,
    "Rainbow": false
  },
  "BlockOverlay": {
    "R": 68,
    "G": 117,
    "B": 255,
    "Rainbow": false,
    "Info": false
  },
  "BlockWalk": {
    "Cobweb": true,
    "Snow": true
  },
  "BowAimbot": {
    "Silent": true,
    "Predict": true,
    "ThroughWalls": false,
    "PredictSize": 2.0,
    "Priority": "Direction",
    "Mark": true
  },
  "Breadcrumbs": {
    "R": 255,
    "G": 179,
    "B": 72,
    "Rainbow": false
  },
  "BufferSpeed": {
    "SpeedLimit": true,
    "MaxSpeed": 2.0,
    "Buffer": true,
    "Stairs": true,
    "StairsBoost": 1.87,
    "StairsMode": "New",
    "Slabs": true,
    "SlabsBoost": 1.87,
    "SlabsMode": "New",
    "Ice": false,
    "IceBoost": 1.342,
    "Snow": true,
    "SnowBoost": 1.87,
    "SnowPort": true,
    "Wall": true,
    "WallBoost": 1.87,
    "WallMode": "New",
    "HeadBlock": true,
    "HeadBlockBoost": 1.87,
    "Slime": true,
    "AirStrafe": false,
    "NoHurt": true
  },
  "BugUp": {
    "Mode": "FlyFlag",
    "MaxFallDistance": 10,
    "MaxDistanceToSetback": 2.5,
    "Indicator": true
  },
  "Cape": {
    "Style": "Heistes"
  },
  "Chams": {
    "Targets": true,
    "Chests": true,
    "Items": true
  },
  "ChestAura": {
    "Range": 5.0,
    "Delay": 100,
    "ThroughWalls": true,
    "VisualSwing": true,
    "Chest": 54,
    "Rotations": true
  },
  "ChestStealer": {
    "MaxDelay": 200,
    "MinDelay": 150,
    "DelayOnFirst": false,
    "TakeRandomized": false,
    "OnlyItems": false,
    "NoCompass": false,
    "AutoClose": true,
    "AutoCloseMaxDelay": 0,
    "AutoCloseMinDelay": 0,
    "CloseOnFull": true,
    "ChestTitle": false
  },
  "ChinaHat": {
    "Height": 0.3,
    "Radius": 0.7,
    "YPos": 0.0,
    "RotateSpeed": 2.0,
    "DrawThePlayer": true,
    "OnlyThirdPerson": true,
    "DrawTargets": true,
    "R": 255,
    "G": 255,
    "B": 255,
    "Alpha": 200,
    "Rainbow": false
  },
  "CivBreak": {
    "Range": 5.0,
    "Rotations": true,
    "VisualSwing": true,
    "Air-Reset": true,
    "Range-Reset": true
  },
  "ClickGUI": {
    "Style": "Null",
    "ClosePrevious": false,
    "Scale": 0.7,
    "MaxElements": 15,
    "DisplayValue": false,
    "ChineseMode(Need Reload)": false,
    "Mode": "LiquidBounce",
    "R": 0,
    "G": 160,
    "B": 255,
    "Rainbow": false
  },
  "Clip": {
    "Mode": "Teleport",
    "Horizontal": 0.0,
    "Vertical": 5.0
  },
  "ColorMixer": {
    "Mixer-Amount": 2,
    "Color1Red": 0,
    "Color1Green": 0,
    "Color1Blue": 0,
    "Color2Red": 0,
    "Color2Green": 0,
    "Color2Blue": 0,
    "Color3Red": 0,
    "Color3Green": 0,
    "Color3Blue": 0,
    "Color4Red": 0,
    "Color4Green": 0,
    "Color4Blue": 0,
    "Color5Red": 0,
    "Color5Green": 0,
    "Color5Blue": 0,
    "Color6Red": 0,
    "Color6Green": 0,
    "Color6Blue": 0,
    "Color7Red": 0,
    "Color7Green": 0,
    "Color7Blue": 0,
    "Color8Red": 0,
    "Color8Green": 0,
    "Color8Blue": 0,
    "Color9Red": 0,
    "Color9Green": 0,
    "Color9Blue": 0,
    "Color10Red": 0,
    "Color10Green": 0,
    "Color10Blue": 0
  },
  "ConsoleSpammer": {
    "Mode": "Payload",
    "Delay": 0
  },
  "Criticals": {
    "Mode": "Packet",
    "Delay": 0,
    "HurtTime": 10,
    "DebugMessage": false,
    "UseC06Packet": false
  },
  "Crosshair": {
    "Color": "Custom",
    "Red": 255,
    "Green": 255,
    "Blue": 255,
    "Alpha": 255,
    "Saturation": 1.0,
    "Brightness": 1.0,
    "Width": 0.5,
    "Length": 7.0,
    "Gap": 5.0,
    "Dynamic": true,
    "HitMarker": true
  },
  "CustomTitle": {
    "Title": "L"
  },
  "Damage": {
    "Mode": "NCP",
    "Damage": 1
  },
  "DamageParticle": {
    "AliveTime": 1000,
    "Size": 3
  },
  "Derp": {
    "Headless": false,
    "Spinny": false,
    "Increment": 1.0
  },
  "Disabler": {
    "Debug": false,
    "Mode": "VulcanCombat"
  },
  "ESP": {
    "Mode": "Box",
    "Outline-Width": 3.0,
    "WireFrame-Width": 2.0,
    "ShaderOutline-Radius": 1.35,
    "ShaderGlow-Radius": 2.3,
    "R": 255,
    "G": 0,
    "B": 0,
    "Rainbow": false,
    "Team": false
  },
  "EnchantEffect": {
    "R": 0,
    "G": 160,
    "B": 255,
    "Alpha": 255,
    "RainBow": false
  },
  "FastBow": {
    "Packets": 20
  },
  "FastBreak": {
    "BreakDamage": 0.8
  },
  "FastClimb": {
    "Mode": "Vanilla",
    "Speed": 0.2872
  },
  "FastPlace": {
    "Speed": 0
  },
  "FastStairs": {
    "Mode": "NCP",
    "LongJump": false
  },
  "FastUse": {
    "Mode": "NCP",
    "Timer": 1.22,
    "InstantDelay": 14,
    "CustomDelay": 0
  },
  "FdpScaffold": {
    "MaxDelay": 0,
    "MinDelay": 0,
    "PlaceableDelay": "Normal",
    "AutoBlock": "LiteSpoof",
    "Sprint": "Always",
    "Swing": "Normal",
    "Search": true,
    "Down": true,
    "PlaceTiming": "Post",
    "Eagle": "OFF",
    "BlocksToEagle": 0,
    "ExpandLength": 5,
    "Rotations": "AAC",
    "AACYawOffset": 0,
    "SilentRotation": true,
    "MinRotationSpeed": 180,
    "MaxRotationSpeed": 180,
    "KeepRotationTick": 0,
    "ZitterMode": "OFF",
    "ZitterSpeed": 0.13,
    "ZitterStrength": 0.072,
    "Timer": 1.0,
    "MotionSpeedSet": false,
    "MotionSpeedValue": 0.1,
    "SpeedModifier": 1.0,
    "TowerMode": "None",
    "StopTowerWhenBlockAbove": true,
    "TowerActivation": "PressSpace",
    "TowerTimer": 1.0,
    "SameY": "WhenSpeed",
    "SafeWalk": "OFF",
    "HitableCheck": "Simple",
    "ExtraClick": "OFF",
    "ExtraClickMaxDelay": 100,
    "ExtraClickMinDelay": 50,
    "TowerJumpMotion": 0.42,
    "TowerJumpDelay": 0,
    "TowerStableMotion": 0.42,
    "TowerPlusMotion": 0.1,
    "TowerPlusMaxMotion": 0.8,
    "TowerConstantMotion": 0.42,
    "TowerConstantMotionJumpGround": 0.79,
    "TowerTeleportHeight": 1.15,
    "TowerTeleportDelay": 0,
    "TowerTeleportGround": true,
    "TowerTeleportNoMotion": false,
    "Counter": true,
    "Mark": false,
    "MarkRed": 255,
    "MarkGreen": 255,
    "MarkBlue": 255,
    "MarkAlpha": 255,
    "MarkOutline": false
  },
  "Flight": {
    "Mode": "Vanilla",
    "VanillaSpeed": 2.0,
    "VanillaKickBypass": false,
    "NCPMotion": 0.0,
    "AAC1.9.10-Speed": 0.3,
    "AAC3.0.5-Fast": true,
    "AAC3.3.12-Motion": 10.0,
    "AAC3.3.13-Motion": 10.0,
    "Hypixel-Boost": true,
    "Hypixel-BoostDelay": 1200,
    "Hypixel-BoostTimer": 1.0,
    "MineplexSpeed": 1.0,
    "NeruxVace-Ticks": 6,
    "Mark": true
  },
  "FollowTargetHud": {
    "Mode": "Juul",
    "Font": {
      "fontName": "comfortaa",
      "fontSize": 30
    },
    "JelloHPColor": true,
    "JelloAlpha": 170,
    "Scale": 1.0,
    "TanslateY": 0.55,
    "TranslateX": 0.0
  },
  "FreeCam": {
    "Speed": 0.8,
    "Fly": true,
    "NoClip": true
  },
  "Fucker": {
    "Block": 26,
    "ThroughWalls": "None",
    "Range": 5.0,
    "Action": "Destroy",
    "Instant": false,
    "SwitchDelay": 250,
    "Swing": true,
    "Rotations": true,
    "Surroundings": true,
    "NoHit": false
  },
  "Fullbright": {
    "Mode": "Gamma"
  },
  "GhostHand": {
    "Block": 54
  },
  "HUD": {
    "Hudcolor": -8819995,
    "ChatRect": false,
    "ContainerBackground": false,
    "BetterHotbar": true,
    "HotbarBlur": true,
    "HotbarRect": true,
    "MusicDisplay": true,
    "ChatAnimation": true,
    "HotbarEase": true,
    "Hue Interpolate": false,
    "BlurStrength": 4.5,
    "sessioninfo": false,
    "HideHotbar": false,
    "InventoryParticle": false,
    "Blur": false,
    "FontChat": false,
    "RainbowStart": 0.41,
    "RainbowStop": 0.58,
    "RainbowSaturation": 0.7,
    "RainbowBrightness": 1.0,
    "RainbowSpeed": 1500,
    "GidentSpeed": 120,
    "Red": 255,
    "Green": 255,
    "Blue": 255,
    "Red2": 255,
    "Green2": 255,
    "Blue2": 255
  },
  "HighJump": {
    "Height": 2.0,
    "Mode": "Vanilla",
    "OnlyGlassPane": false
  },
  "HitBox": {
    "Size": 0.4
  },
  "HytBypass": {
    "Mode": "HuaYuTing",
    "Hypixel-StrafeTest": true,
    "HYT-Move": true,
    "HYT-Timer": true,
    "HYT-BlinkTest": true,
    "HYT-S08Silent": true
  },
  "HytGetName": {
    "Debug": true,
    "GetNameMode": "4V4/1V1"
  },
  "HytVelocity": {
    "Mode": "a"
  },
  "IceSpeed": {
    "Mode": "NCP"
  },
  "Ignite": {
    "Lighter": true,
    "Lava": true
  },
  "InventoryCleaner": {
    "MaxDelay": 600,
    "MinDelay": 400,
    "InvOpen": false,
    "SimulateInventory": true,
    "NoMove": false,
    "IgnoreVehicles": false,
    "Hotbar": true,
    "RandomSlot": false,
    "Sort": true,
    "ItemDelay": 0,
    "SortSlot-1": "Sword",
    "SortSlot-2": "Bow",
    "SortSlot-3": "Pickaxe",
    "SortSlot-4": "Axe",
    "SortSlot-5": "None",
    "SortSlot-6": "None",
    "SortSlot-7": "Food",
    "SortSlot-8": "Block",
    "SortSlot-9": "Block"
  },
  "InventoryMove": {
    "Undetectable": false,
    "AACAdditionPro": false,
    "NoMoveClicks": false
  },
  "ItemESP": {
    "Mode": "Box",
    "ShaderRadius": 0.5,
    "R": 0,
    "G": 255,
    "B": 0,
    "Rainbow": true
  },
  "ItemTeleport": {
    "Mode": "New",
    "ResetAfterTP": true,
    "Button": "Middle"
  },
  "JumpCircle": {
    "Red": 255,
    "green": 255,
    "blue": 255,
    "AstolfoOffset": 5,
    "AstolfoIndex": 109
  },
  "KeepAlive": {
    "Mode": "/heal"
  },
  "KeepContainer": {
    "ContainerBind": "N",
    "ChestBind": "M"
  },
  "Kick": {
    "Mode": "Quit"
  },
  "KickWarn": {
    "X": 375,
    "Y": 125,
    "PacketsCheck": false,
    "VanillaCheck": true
  },
  "KillAura": {
    "MaxCPS": 20,
    "MinCPS": 20,
    "HurtTime": 10,
    "Cooldown": 1.0,
    "SwitchDelay": 300,
    "Range": 8.0,
    "ThroughWallsRange": 3.0,
    "RangeSprintReducement": 0.0,
    "Priority": "Distance",
    "TargetMode": "Switch",
    "Swing": true,
    "KeepSprint": false,
    "StopSprintOnAir": true,
    "AutoBlock": "Packet",
    "InteractAutoBlock": true,
    "BlockRate": 100,
    "RayCast": true,
    "RayCastIgnored": false,
    "LivingRayCast": true,
    "AAC": true,
    "MaxTurnSpeed": 180.0,
    "MinTurnSpeed": 180.0,
    "RotationMode": "BackTrack",
    "SilentRotation": true,
    "Strafe": "Silent",
    "RandomCenter": false,
    "Outborder": false,
    "FOV": 75.79,
    "Predict": false,
    "MaxPredictSize": 1.0,
    "MinPredictSize": 1.0,
    "FailRate": 0.0,
    "FakeSwing": true,
    "NoInvAttack": false,
    "NoInvDelay": 200,
    "LimitedMultiTargets": 0,
    "Mark": "FDP",
    "HitEffect": "None",
    "LightingSound": true,
    "FakeSharp": true,
    "Circle": true,
    "CircleRed": 255,
    "CircleGreen": 255,
    "CircleBlue": 255,
    "CircleAlpha": 255,
    "CircleAccuracy": 15
  },
  "LiquidChat": {
    "JWT": false
  },
  "LiquidWalk": {
    "Mode": "NCP",
    "NoJump": false,
    "AACFlyMotion": 0.5
  },
  "Logo": {
    "LogoMode": "Rise",
    "ColorMode": "Tenacity",
    "Degree": "-30",
    "Moving Colors": false,
    "Hue Interpolate": false,
    "WhiteInfo": false,
    "ClientName": "Heistes",
    "R": 255,
    "G": 255,
    "B": 255
  },
  "LongJump": {
    "Mode": "NCP",
    "NCPBoost": 4.25,
    "AutoJump": false
  },
  "MemoryFix": {
    "Delay": 120.0,
    "Limit": 80.0,
    "Speed": 0.05
  },
  "MotionBlur": {
    "BlurAmount": 2
  },
  "NameProtect": {
    "AllPlayers": false,
    "SkinProtect": true,
    "FakeName": "\u0026cMe"
  },
  "NameTags": {
    "Health": true,
    "Ping": true,
    "Distance": false,
    "Armor": true,
    "ClearNames": false,
    "Font": {
      "fontName": "Minecraft Font",
      "fontSize": -1
    },
    "Border": true,
    "Scale": 1.63
  },
  "NewGUI": {
    "FastRender": false,
    "Color": "Custom",
    "Red": 0,
    "Green": 140,
    "Blue": 255,
    "Saturation": 1.0,
    "Brightness": 1.0,
    "Seconds": 2
  },
  "NoFOV": {
    "FOV": 1.0
  },
  "NoFall": {
    "Mode": "SpoofGround",
    "MinMLGHeight": 5.0
  },
  "NoLagBack": {
    "Mode": "AAC5"
  },
  "NoPitchLimit": {
    "ServerSide": true
  },
  "NoRotateSet": {
    "Confirm": true,
    "ConfirmIllegalRotation": false,
    "NoZero": false
  },
  "NoSlow": {
    "PacketMode": "Vanilla",
    "BlockForwardMultiplier": 1.0,
    "BlockStrafeMultiplier": 1.0,
    "ConsumeForwardMultiplier": 1.0,
    "ConsumeStrafeMultiplier": 1.0,
    "BowForwardMultiplier": 1.0,
    "BowStrafeMultiplier": 1.0,
    "CustomReleasePacket": false,
    "CustomPlacePacket": false,
    "CustomOnGround": false,
    "CustomDelay": 60,
    "SendPacket": false,
    "CheckInUseCount": true,
    "PacketTrigger": "PostRelease",
    "Debug": false,
    "Packet": false,
    "Soulsand": true,
    "LiquidPush": true,
    "Fixer": true
  },
  "NoSlowBreak": {
    "Air": true,
    "Water": false
  },
  "NoSwing": {
    "ServerSide": true
  },
  "NoWeb": {
    "Mode": "None"
  },
  "Nuker": {
    "Radius": 5.2,
    "ThroughWalls": false,
    "Priority": "Distance",
    "Rotations": true,
    "Layer": false,
    "HitDelay": 4,
    "Nuke": 1,
    "NukeDelay": 1
  },
  "OldHitting": {
    "Mode": "1.8"
  },
  "Phase": {
    "Mode": "Vanilla"
  },
  "PlayerEdit": {
    "PlayerSize": 0.5,
    "EditPlayerSize": true
  },
  "Projectiles": {
    "Color": "Custom",
    "R": 0,
    "G": 160,
    "B": 255
  },
  "ProphuntESP": {
    "Mode": "OtherBox",
    "ShaderOutline-Radius": 1.35,
    "ShaderGlow-Radius": 2.3,
    "R": 0,
    "G": 90,
    "B": 255,
    "Rainbow": false
  },
  "Reach": {
    "CombatReach": 7.0,
    "BuildReach": 7.0
  },
  "Regen": {
    "Mode": "Vanilla",
    "Health": 18,
    "Food": 18,
    "Speed": 100,
    "NoAir": false,
    "PotionEffect": false
  },
  "ReverseStep": {
    "Motion": 1.0
  },
  "Rotations": {
    "Body": true
  },
  "SafeWalk": {
    "AirSafe": false
  },
  "Scaffold": {
    "Mode": "Normal",
    "MaxDelay": 0,
    "MinDelay": 0,
    "PlaceableDelay": false,
    "AutoBlock": "Spoof",
    "Sprint": true,
    "Hyt-Sprint": false,
    "Swing": true,
    "Search": true,
    "Down": true,
    "Picker": false,
    "PlaceTiming": "Post",
    "Eagle": "Off",
    "BlocksToEagle": 0,
    "EagleEdgeDistance": 0.2,
    "ExpandLength": 5,
    "RotationStrafe": false,
    "RotationMode": "Normal",
    "SilentRotation": true,
    "KeepRotation": false,
    "KeepRotationLength": 0,
    "StaticPitchOffset": 86.0,
    "StaticYawOffset": 0.0,
    "xzRange": 0.8,
    "yRange": 0.8,
    "SearchAccuracy": 8,
    "MaxTurnSpeed": 180.0,
    "MinTurnSpeed": 180.0,
    "Zitter": false,
    "ZitterMode": "Teleport",
    "ZitterSpeed": 0.13,
    "ZitterStrength": 0.072,
    "Timer": 1.0,
    "SpeedModifier": 1.0,
    "Slow": false,
    "SlowSpeed": 0.6,
    "SameY": false,
    "SmartSpeed": false,
    "AutoJump": false,
    "SafeWalk": true,
    "AirSafe": false,
    "Counter": true,
    "Mark": false,
    "AutoTimer": false
  },
  "Scaffold2": {
    "Mode": "Normal",
    "MaxDelay": 0,
    "MinDelay": 0,
    "PlaceDelay": true,
    "DelayOnlyWhenSlash": true,
    "AutoBlock": "Switch",
    "Synchronize-Held": true,
    "Sprint": false,
    "Tower-Boost": true,
    "Swing": true,
    "Search": true,
    "Down": true,
    "PlaceTiming": "Post",
    "Eagle": "Normal",
    "BlocksToEagle": 0,
    "EagleEdgeDistance": 0.0,
    "OmniDirectionalExpand": false,
    "ExpandLength": 1,
    "Angle Step": 60,
    "Strafe": "Off",
    "Rotations": false,
    "Opposite-Rotations": true,
    "SilentRotation": true,
    "KeepRotation": true,
    "KeepRotationLength": 0,
    "XYZSearch": "AutoCenter",
    "xzRange": 0.8,
    "yRange": 0.8,
    "MinDist": 0.0,
    "ForceSpeed": false,
    "ForceSpeed-Ground": true,
    "ForceSpeed-Speed": 0.22,
    "SearchAccuracy": 8,
    "SmoothMode": "Custom",
    "CustomSmooth-Factor": 2.0,
    "MaxTurnSpeed": 180.0,
    "MinTurnSpeed": 180.0,
    "Zitter": "Off",
    "ZitterSpeed": 0.13,
    "ZitterStrength": 0.05,
    "Timer": 1.0,
    "Timer-JumpChecker": false,
    "SpeedModifier": 1.0,
    "Slow": false,
    "SlowSpeed": 0.6,
    "AutoToggleSpeed": true,
    "AutoJump": false,
    "SameY": false,
    "SafeWalk": true,
    "AirSafe": false,
    "Counter": true,
    "Mark": false
  },
  "ServerCrasher": {
    "Mode": "Book"
  },
  "SessionStats": {
    "blur": false,
    "X": 14,
    "Y": 14,
    "Animated counter": false,
    "Color": "Modern",
    "Degree": "30"
  },
  "SkinDerp": {
    "Delay": 0,
    "Hat": true,
    "Jacket": true,
    "LeftPants": true,
    "RightPants": true,
    "LeftSleeve": true,
    "RightSleeve": true
  },
  "SlimeJump": {
    "Motion": 0.42,
    "Mode": "Add"
  },
  "Sneak": {
    "Mode": "MineSecure",
    "StopMove": false
  },
  "Spammer": {
    "MaxDelay": 1000,
    "MinDelay": 500,
    "Message": "Pride Client | liquidbounce(.net) | CCBlueX on yt",
    "Custom": false
  },
  "Speed": {
    "Mode": "Custom",
    "CustomSpeed": 0.77,
    "CustomY": 0.0,
    "CustomTimer": 1.0,
    "CustomStrafe": false,
    "CustomResetXZ": false,
    "CustomResetY": true,
    "AAC-PortLength": 1.0,
    "AACGround-Timer": 3.0,
    "CubeCraft-PortLength": 1.0,
    "MineplexGround-Speed": 0.5
  },
  "Sprint": {
    "AllDirections": false,
    "Blindness": false,
    "Food": false,
    "CheckServerSide": false,
    "CheckServerSideOnlyGround": false
  },
  "Step": {
    "Mode": "NCP",
    "Height": 1.0,
    "JumpHeight": 0.42,
    "Delay": 0
  },
  "StorageESP": {
    "Mode": "Outline",
    "Chest": true,
    "EnderChest": true,
    "Furnace": true,
    "Dispenser": true,
    "Hopper": true,
    "ShulkerBox": true
  },
  "SuperKnockback": {
    "HurtTime": 10,
    "Mode": "Packet",
    "OnlyMove": false,
    "OnlyGround": false,
    "Delay": 0
  },
  "TKRun": {
    "Health": 5.0,
    "Text": "/lobby",
    "AutoDisable": true,
    "KeepArmor": true
  },
  "TNTBlock": {
    "Fuse": 10,
    "Range": 9.0,
    "AutoSword": true
  },
  "TabGui": {
    "Shader": false,
    "Color": "Tenacity",
    "SelectNotDrawRect": true,
    "SelectGradientRect": false,
    "GradientRect": false
  },
  "TargetList": {
    "Players": true,
    "Mobs": false,
    "Animals": false,
    "Invisible": true,
    "Dead": true
  },
  "Teams": {
    "ScoreboardTeam": true,
    "Color": true,
    "GommeSW": false,
    "ArmorColor": false
  },
  "Teleport": {
    "IgnoreNoCollision": true,
    "Mode": "Blink",
    "Button": "Middle"
  },
  "TianKengHelp": {
    "Tick": 40,
    "Speed": true,
    "CustomerServiceTips": false,
    "BanTips": false,
    "DebugTick": 5
  },
  "Timer": {
    "Speed": 2.0,
    "OnMove": true
  },
  "Tower": {
    "Mode": "Motion",
    "AutoBlock": false,
    "StayAutoBlock": false,
    "Swing": true,
    "StopWhenBlockAbove": false,
    "Rotations": true,
    "KeepRotation": false,
    "OnJump": false,
    "PlaceTiming": "Post",
    "Timer": 1.0,
    "JumpMotion": 0.42,
    "JumpDelay": 0,
    "ConstantMotion": 0.42,
    "ConstantMotionJumpGround": 0.79,
    "TeleportHeight": 1.15,
    "TeleportDelay": 0,
    "TeleportGround": true,
    "TeleportNoMotion": false,
    "Counter": true
  },
  "Tracers": {
    "Color": "Custom",
    "Thickness": 2.0,
    "R": 0,
    "G": 160,
    "B": 255
  },
  "Trigger": {
    "MaxCPS": 8,
    "MinCPS": 5
  },
  "TrueSight": {
    "Barriers": true,
    "Entities": true
  },
  "Velocity": {
    "Horizontal": 0.0,
    "Vertical": 0.0,
    "alerts": true,
    "Mode": "Vanilla",
    "AAC4XZReducer": 1.36,
    "NewAAC4XZReducer": 0.45,
    "VelocityTick": 1,
    "ReverseStrength": 1.0,
    "SmoothReverseStrength": 0.05,
    "HytPacketASet": 0.35,
    "HytPacketBSet": 0.5,
    "AACPushXZReducer": 2.0,
    "AACPushYReducer": true,
    "noFire": false,
    "NoCobweb": true,
    "HytOnlyGround": true,
    "OnlyGround": false,
    "OnlyCombat": false,
    "CustomX": 0.0,
    "CanCustomY": false,
    "CustomY": 1.0,
    "CustomZ": 0.0,
    "CustomC06FakeLag": false
  },
  "WallClimb": {
    "Mode": "Simple",
    "ClipMode": "Fast",
    "CheckerClimbMotion": 0.0
  },
  "WaterSpeed": {
    "Speed": 1.2
  },
  "Zoot": {
    "BadEffects": true,
    "Fire": true,
    "NoAir": false
  }
}
