[
  {
    "Type": "Scoreboard",
    "X": 5.0,
    "Y": 0.0,
    "Scale": 1.0,
    "HorizontalFacing": "Right",
    "VerticalFacing": "Middle",
    "UseVanillaBackground": false,
    "Background-R": 0,
    "Background-G": 0,
    "Background-B": 0,
    "Background-Alpha": 95,
    "Rect": false,
    "Rect-Height": 1,
    "Blur": false,
    "Blur-Strength": 0.0,
    "Shadow": true,
    "Shadow-Strength": 0.0,
    "Shadow-Color": "Background",
    "Shadow-Red": 0,
    "Shadow-Green": 111,
    "Shadow-Blue": 255,
    "Rounded": false,
    "Rounded-Strength": 5.0,
    "Color": "Custom",
    "Red": 0,
    "Green": 111,
    "Blue": 255,
    "Alpha": 255,
    "Saturation": 0.9,
    "Brightness": 1.0,
    "Seconds": 2,
    "Delay": 50,
    "AntiSnipeMatch": true,
    "ChangeDomain": false,
    "ShowRedNumbers": false,
    "Font": {
      "fontName": "Minecraft Font",
      "fontSize": -1
    },
    "DomainFont": {
      "fontName": "Minecraft Font",
      "fontSize": -1
    },
    "Domain-TextY": 0.0,
    "Domain-Shadow": "None",
    "OutlineWidth": 0.5
  },
  {
    "Type": "Session",
    "X": 125,
    "Y": 125,
    "Scale": 1.0,
    "HorizontalFacing": "Left",
    "VerticalFacing": "Up",
    "mode": "BackTrack",
    "RectRainbow": "Gident",
    "Red": 255,
    "Green": 255,
    "Blue": 255,
    "Color": "Sync",
    "GidentSpeed": 1000
  },
  {
    "Type": "Inventory",
    "X": -1.0,
    "Y": 103.0,
    "Scale": 1.0,
    "HorizontalFacing": "Left",
    "VerticalFacing": "Up",
    "Background-Mode": "Bordered",
    "BorderWidth": 1,
    "Red": 0,
    "Green": 0,
    "Blue": 0,
    "Alpha": 120,
    "BorderRed": 255,
    "BorderGreen": 255,
    "BorderBlue": 255,
    "BorderAlpha": 255,
    "BorderRadius": 3.0
  },
  {
    "Type": "Arraylist",
    "X": -1.0,
    "Y": 1.0,
    "Scale": 1.0,
    "HorizontalFacing": "Right",
    "VerticalFacing": "Up",
    "Color": "Custom",
    "Blur": false,
    "Blur-Strength": 0.0,
    "Shadow": false,
    "Shadow-NoCut": false,
    "Shadow-Strength": 1,
    "Shadow-Color": "Background",
    "Shadow-Red": 0,
    "Shadow-Green": 111,
    "Shadow-Blue": 255,
    "Red": 255,
    "Green": 255,
    "Blue": 255,
    "Alpha": 255,
    "Saturation": 0.9,
    "Brightness": 1.0,
    "Sky-Distance": 2,
    "CRainbow-Seconds": 2,
    "CRainbow-Distance": 2,
    "Mixer-Seconds": 2,
    "Mixer-Distance": 2,
    "LiquidSlowly-Distance": 90,
    "Fade-Distance": 50,
    "HorizontalAnimation": "Default",
    "VerticalAnimation": "None",
    "Animation-Speed": 0.25,
    "NameBreak": true,
    "Alphabetical-Order": false,
    "Tags": true,
    "TagsStyle": "-",
    "ShadowText": true,
    "Background-R": 0,
    "Background-G": 0,
    "Background-B": 0,
    "Background-Alpha": 0,
    "Rect-Right": "None",
    "Rect-Left": "None",
    "Case": "None",
    "Space": 0.0,
    "TextHeight": 11.0,
    "TextY": 1.0,
    "TagsArrayColor": false,
    "Font": {
      "fontName": "Roboto Medium",
      "fontSize": 40
    }
  },
  {
    "Type": "Armor",
    "X": -93.0,
    "Y": 20.0,
    "Scale": 1.0,
    "HorizontalFacing": "Middle",
    "VerticalFacing": "Down",
    "Mode": "Exhibition",
    "Alignment": "Horizontal"
  },
  {
    "Type": "TargetHUD",
    "X": 614.0,
    "Y": 332.0,
    "Scale": 1.0,
    "HorizontalFacing": "Left",
    "VerticalFacing": "Up",
    "Style": "Novoline3",
    "Mode": "Custom",
    "Healthbar": "animation",
    "Red": 255,
    "Green": 255,
    "Blue": 255,
    "GradientRed": 255,
    "GradientGreen": 255,
    "GradientBlue": 255,
    "Alpha": 120,
    "FadeSpeed": 2.0,
    "Particles": true,
    "Rainbow": false,
    "DisplayWhenChat": true
  },
  {
    "Type": "Text",
    "X": 1.0,
    "Y": 530.0,
    "Scale": 1.0,
    "HorizontalFacing": "Left",
    "VerticalFacing": "Up",
    "DisplayText": "Hypixel - 1.0",
    "Background": false,
    "SkeetRect": false,
    "Line": false,
    "Blur": false,
    "BlurStrength": 1.0,
    "Red": 255,
    "Green": 255,
    "Blue": 255,
    "Alpha": 255,
    "Background-Red": 0,
    "Background-Green": 0,
    "Background-Blue": 0,
    "Background-Alpha": 120,
    "Rainbow": "Off",
    "Saturation": 0.9,
    "Brightness": 1.0,
    "Seconds": 2,
    "Line-Distance": 0,
    "Gradient-Amount": 25,
    "Shadow": true,
    "Font": {
      "fontName": "Roboto Medium",
      "fontSize": 40
    }
  },
  {
    "Type": "Text",
    "X": 1.0,
    "Y": 4.0,
    "Scale": 1.0,
    "HorizontalFacing": "Left",
    "VerticalFacing": "Up",
    "DisplayText": "%clientName%",
    "Background": true,
    "SkeetRect": false,
    "Line": true,
    "Blur": false,
    "BlurStrength": 1.0,
    "Red": 255,
    "Green": 255,
    "Blue": 255,
    "Alpha": 255,
    "Background-Red": 0,
    "Background-Green": 0,
    "Background-Blue": 0,
    "Background-Alpha": 120,
    "Rainbow": "Off",
    "Saturation": 0.9,
    "Brightness": 1.0,
    "Seconds": 2,
    "Line-Distance": 0,
    "Gradient-Amount": 25,
    "Shadow": true,
    "Font": {
      "fontName": "Roboto Medium",
      "fontSize": 40
    }
  }
]
