{
  "CommandPrefix": ".",
  "ShowRichPresence": true,
  "targets": {
    "TargetPlayer": true,
    "TargetMobs": false,
    "TargetAnimals": false,
    "TargetInvisible": false,
    "TargetDead": false
  },
  "macros": [],
  "features": {
    "DarkMode": false,
    "AntiForge": true,
    "AntiForgeFML": true,
    "AntiForgeProxy": true,
    "AntiForgePayloads": true,
    "BungeeSpoof": false,
    "AutoReconnectDelay": 5000
  },
  "thealtening": {
    "API-Key": ""
  },
  "Background": {
    "Enabled": false,
    "Particles": false
  },
  "2dTags": {
    "Player": true,
    "Mob": false,
    "Animal": false,
    "Invisible": false,
    "Health": true,
    "Distance": false,
    "BackGround": 100,
    "Font": {
      "fontName": "Minecraft Font",
      "fontSize": -1
    }
  },
  "3dTags": {
    "Health": true,
    "Bar": true,
    "Ping": true,
    "TanslateY": 0.55,
    "Distance": false,
    "Armor": true,
    "Enchant": true,
    "Potions": true,
    "ClearNames": false,
    "Font": {
      "fontName": "Roboto Medium",
      "fontSize": 40
    },
    "Shadow": true,
    "Border": true,
    "LocalPlayer": true,
    "NoFirstPerson": true,
    "Background-R": 0,
    "Background-G": 0,
    "Background-B": 0,
    "Background-Alpha": 0,
    "Border-R": 0,
    "Border-G": 0,
    "Border-B": 0,
    "Border-Alpha": 0,
    "Scale": 1.0
  },
  "Aimbot": {
    "Range": 4.4,
    "TurnSpeed": 2.0,
    "FOV": 180.0,
    "Center": false,
    "Lock": true,
    "OnClick": false,
    "Jitter": false
  },
  "AirLadder": {
    "Speed": 0.2872
  },
  "Ambience": {
    "Time": "Static",
    "CycleSpeed": 1,
    "StaticTime": 18000,
    "Weather": "Clear",
    "RainStrength": 0.1,
    "Tag": "TimeOnly"
  },
  "Animations": {
    "Style": "Exhibition1",
    "Scale": 0.34,
    "ItemX": 0.0,
    "ItemY": 0.0,
    "ItemZ": 0.0,
    "BlockingX": 0.0,
    "BlockingY": -0.05,
    "BlockingZ": 0.0,
    "Swing-Speed": 14,
    "Rotate-Items": false,
    "Rotate-Speed": 1.0,
    "RotateMode": "RotateY",
    "RotateXAxis": 0.0,
    "RotateYAxis": 0.0,
    "RotateZAxis": 0.0,
    "MCPosOffset": 0.45,
    "Fake-Block": false,
    "Block-Everything": false,
    "Swing-Animation": false,
    "Container-Animation": "None",
    "Slide-Vertical": "Downward",
    "Slide-Horizontal": "Right",
    "Container-AnimTime": 750,
    "Tab-Animation": "None",
    "NoBlockParticles": false
  },
  "AntiAFK": {
    "Mode": "Random",
    "SwingDelay": 100,
    "RotationDelay": 100,
    "RotationAngle": 1.0,
    "Jump": true,
    "Move": true,
    "Rotate": true,
    "Swing": true
  },
  "AntiBlind": {
    "Confusion": true,
    "Pumpkin": true,
    "Fire": false,
    "Scoreboard": false,
    "Boss-Health": true
  },
  "AntiBot": {
    "CzechMatrix": false,
    "PingCheck": true,
    "GamemodeCheck": true,
    "Tab": true,
    "TabMode": "Contains",
    "EntityID": true,
    "Color": false,
    "LivingTime": false,
    "LivingTimeTicks": 40,
    "Ground": true,
    "Air": false,
    "InvalidGround": true,
    "Swing": false,
    "Health": false,
    "InvalidHealth": false,
    "MinHealth": 0.0,
    "MaxHealth": 20.0,
    "Derp": true,
    "WasInvisible": false,
    "Armor": false,
    "Ping": false,
    "NeedHit": false,
    "DuplicateInWorld": false,
    "ReverseCheck": true,
    "DuplicateInTab": false,
    "ExperimentalNPCDetection": false,
    "IllegalName": false,
    "RemoveFromWorld": false,
    "Remove-Interval": 20,
    "Debug": false
  },
  "AntiExploit": {
    "Notify": false,
    "LessGuardian": true,
    "MaxArrowPerSecond": 100
  },
  "AntiFireBall": {
    "Swing": "Normal",
    "Rotation": true
  },
  "AntiVanish": {
    "Notification-Seconds": 2
  },
  "AntiVoid": {
    "Detect-Method": "Collision",
    "SetBack-Mode": "Teleport",
    "Predict-CheckFallDistance": 255,
    "Predict-MaxFindRange": 60,
    "Illegal-Dupe": 1,
    "Max-FallDistance": 5.0,
    "Reset-FallDistance": true,
    "Render-Trace": true,
    "AutoScaffold": true,
    "NoFly": true
  },
  "AsianHat": {
    "Color": "Custom",
    "Red": 255,
    "Green": 255,
    "Blue": 255,
    "Alpha": 255,
    "EndAlpha": 255,
    "Saturation": 1.0,
    "Brightness": 1.0,
    "Seconds": 2,
    "Color-Space": 0,
    "NoFirstPerson": true,
    "HatBorder": true,
    "HatRotation": true,
    "BorderAlpha": 255,
    "BorderWidth": 1.0
  },
  "AttackEffects": {
    "Mode": "Blood",
    "Amount": 5,
    "Sound": true
  },
  "Aura": {
    "MaxCPS": 8,
    "MinCPS": 5,
    "HurtTime": 10,
    "1.9CombatDelay": false,
    "Range": 3.7,
    "ThroughWallsRange": 1.5,
    "DiscoverRange": 6.0,
    "RangeSprintReducement": 0.0,
    "Priority": "Distance",
    "TargetMode": "Single",
    "LockLocation": "Auto",
    "CustomSmooth": 2.0,
    "RotationReverse": false,
    "RotationReverseTick": 5,
    "KeepDirection": true,
    "KeepDirectionTick": 15,
    "SmoothMode": "Custom",
    "RotationMode": "LiquidBounce",
    "Swing": "Normal",
    "KeepSprint": true,
    "LightningBolt": true,
    "AutoBlock": "Off",
    "VerusAutoBlock": false,
    "AutoBlockRange": 2.5,
    "AutoBlockPacket": "AfterTick",
    "InteractAutoBlock": true,
    "BlockRate": 100,
    "RayCast": true,
    "RayCastIgnored": false,
    "LivingRayCast": true,
    "AAC": true,
    "AttackTiming": "All",
    "MaxTurnSpeed": 180.0,
    "MinTurnSpeed": 180.0,
    "SilentRotation": true,
    "Strafe": "Slient",
    "StrafeOnlyGround": true,
    "RandomCenter": "Off",
    "RandomRange": 0.0,
    "AlwaysHitable": true,
    "FOV": 180.0,
    "Predict": true,
    "MaxPredictSize": 1.0,
    "MinPredictSize": 1.0,
    "FailRate": 0.0,
    "FakeSwing": true,
    "NoInvAttack": false,
    "NoInvDelay": 200,
    "SwitchDelay": 300,
    "LimitedMultiTargets": 0,
    "Mark": "FDP",
    "Circle": true,
    "CircleRed": 255,
    "CircleGreen": 255,
    "CircleBlue": 255,
    "CircleAlpha": 255,
    "CircleAccuracy": 15
  },
  "AuthBypass": {
    "Delay": 1500
  },
  "AutoBow": {
    "WaitForBowAimbot": true
  },
  "AutoClicker": {
    "MaxCPS": 8,
    "MinCPS": 5,
    "Right": true,
    "Left": true,
    "Jitter": false
  },
  "AutoHypixel": {
    "Delay": 0,
    "Auto-GG": true,
    "GG-Message": "gOoD GaMe",
    "CheckGameMode": true,
    "AntiSnipe": true,
    "Render": true,
    "Mode": "Solo",
    "Solo/Teams-Mode": "Insane",
    "Mega-Mode": "Normal"
  },
  "AutoKit": {
    "Kit-Name": "Armorer",
    "Timeout-After": 40,
    "Edit-Mode": false,
    "Debug": false
  },
  "AutoLeave": {
    "Health": 8.0,
    "Mode": "Quit"
  },
  "AutoLogin": {
    "Password": "example@01",
    "Register-Regex": "/register",
    "Login-Regex": "/login",
    "Register-Cmd": "/register %p %p",
    "Login-Cmd": "/login %p",
    "Delay": 5000
  },
  "AutoPlay": {
    "Server": "Hypixel",
    "JoinDelay": 1
  },
  "AutoPot": {
    "Mode": "Floor",
    "Health": 20.0,
    "Delay": 500,
    "Heal": true,
    "Utility": true,
    "Smart": false,
    "SmartTimeout": 2000,
    "InvSpoof": false,
    "InvDelay": 500,
    "NoCombat": true,
    "Custom-Pitch": false,
    "Angle": 90.0,
    "Debug": false
  },
  "AutoRespawn": {
    "Instant": true
  },
  "AutoSoup": {
    "Health": 15.0,
    "Delay": 150,
    "OpenInv": false,
    "SimulateInventory": true,
    "Bowl": "Drop"
  },
  "AutoWeapon": {
    "SpoofItem": false,
    "SpoofTicks": 10
  },
  "BanChecker": {
    "Alert": true,
    "ServerCheck": true,
    "Alert-Time": 10
  },
  "Blink": {
    "Pulse": false,
    "C0FCancel": false,
    "PulseDelay": 1000
  },
  "BlockESP": {
    "Mode": "Box",
    "Block": 168,
    "Radius": 40,
    "R": 255,
    "G": 179,
    "B": 72,
    "Rainbow": false
  },
  "BlockOverlay": {
    "R": 68,
    "G": 117,
    "B": 255,
    "Rainbow": false,
    "Info": false
  },
  "BlockWalk": {
    "Cobweb": true,
    "Snow": true
  },
  "BorderWarn": {
    "Range": 25
  },
  "BowAimbot": {
    "Silent": true,
    "Predict": true,
    "ThroughWalls": false,
    "PredictSize": 2.0,
    "Priority": "Direction",
    "Mark": true
  },
  "BowJump": {
    "Boost": 0.44,
    "Height": 0.66,
    "Timer": 0.76,
    "DelayBeforeArrowLaunch": 1,
    "AutoDisable": true,
    "RenderStatus": true,
    "SpoofY": false
  },
  "Breadcrumbs": {
    "Unlimited": false,
    "LineWidth": 0.0,
    "R": 255,
    "G": 179,
    "B": 72,
    "Fade-Speed": 25,
    "Rainbow": false
  },
  "BufferSpeed": {
    "SpeedLimit": true,
    "MaxSpeed": 2.0,
    "Buffer": true,
    "Stairs": true,
    "StairsBoost": 1.87,
    "StairsMode": "New",
    "Slabs": true,
    "SlabsBoost": 1.87,
    "SlabsMode": "New",
    "Ice": false,
    "IceBoost": 1.342,
    "Snow": true,
    "SnowBoost": 1.87,
    "SnowPort": true,
    "Wall": true,
    "WallBoost": 1.87,
    "WallMode": "New",
    "HeadBlock": true,
    "HeadBlockBoost": 1.87,
    "Slime": true,
    "AirStrafe": false,
    "NoHurt": true
  },
  "Cape": {
    "Style": "Dark"
  },
  "Chams": {
    "Targets": true,
    "Chests": false,
    "Items": false,
    "LocalPlayer": false,
    "Legacy-Mode": false,
    "Textured": false,
    "Color": "Custom",
    "Behind-Color": "Same",
    "Red": 255,
    "Green": 255,
    "Blue": 255,
    "Alpha": 0,
    "Saturation": 1.0,
    "Brightness": 1.0,
    "Seconds": 2
  },
  "ChestAura": {
    "Range": 5.0,
    "Delay": 100,
    "ThroughWalls": true,
    "VisualSwing": true,
    "Chest": 54,
    "Rotations": true
  },
  "ChestStealer": {
    "MaxDelay": 100,
    "MinDelay": 100,
    "OnEvent": "Render3D",
    "TakeRandomized": false,
    "OnlyItems": false,
    "NoCompass": false,
    "NoDuplicateNonStackable": false,
    "AutoClose": true,
    "SilentMode": true,
    "Silent-ShowString": false,
    "Silent-StillDisplay": false,
    "AutoCloseMaxDelay": 0,
    "AutoCloseMinDelay": 0,
    "CloseOnFull": true,
    "ChestTitle": false
  },
  "CivBreak": {
    "Range": 5.0,
    "Rotations": true,
    "VisualSwing": true,
    "Air-Reset": true,
    "Range-Reset": true
  },
  "ClickGUI": {
    "Style": "Test",
    "Scale": 0.62,
    "MaxElements": 15,
    "Color": "Custom",
    "Red": 0,
    "Green": 160,
    "Blue": 255,
    "Saturation": 1.0,
    "Brightness": 1.0,
    "Seconds": 2,
    "Background": "Default",
    "GradientStartAlpha": 255,
    "GradientEndAlpha": 0,
    "Animation": "Azura",
    "AnimSpeed": 1.0
  },
  "Clip": {
    "Mode": "Teleport",
    "Horizontal": 0.0,
    "Vertical": 5.0
  },
  "ColorMixer": {
    "Mixer-Amount": 2,
    "Color1-Red": 255,
    "Color1-Green": 255,
    "Color1-Blue": 255,
    "Color2-Red": 255,
    "Color2-Green": 255,
    "Color2-Blue": 255,
    "Color3-Red": 255,
    "Color3-Green": 255,
    "Color3-Blue": 255,
    "Color4-Red": 255,
    "Color4-Green": 255,
    "Color4-Blue": 255,
    "Color5-Red": 255,
    "Color5-Green": 255,
    "Color5-Blue": 255,
    "Color6-Red": 255,
    "Color6-Green": 255,
    "Color6-Blue": 255,
    "Color7-Red": 255,
    "Color7-Green": 255,
    "Color7-Blue": 255,
    "Color8-Red": 255,
    "Color8-Green": 255,
    "Color8-Blue": 255,
    "Color9-Red": 255,
    "Color9-Green": 255,
    "Color9-Blue": 255,
    "Color10-Red": 255,
    "Color10-Green": 255,
    "Color10-Blue": 255
  },
  "ComboOneHit": {
    "Packets": 200,
    "SwingPacket": false,
    "OnlyAura": false
  },
  "ConsoleSpammer": {
    "Mode": "Payload",
    "Delay": 0
  },
  "Criticals": {
    "Mode": "Packet",
    "Delay": 0,
    "JumpHeight": 0.42,
    "DownY": 0.0,
    "HurtTime": 10,
    "OnlyAura": false
  },
  "Crosshair": {
    "Color": "Custom",
    "Red": 0,
    "Green": 0,
    "Blue": 0,
    "Alpha": 255,
    "Saturation": 1.0,
    "Brightness": 1.0,
    "Seconds": 2,
    "Width": 2.0,
    "Size/Length": 7.0,
    "Gap": 5.0,
    "Dynamic": true,
    "HitMarker": true,
    "NoVanillaCrossHair": true
  },
  "CustomDisabler": {
    "Presets": "Ghostly",
    "CancelTransactions": false,
    "CancelKeepAlive": false,
    "Transactions": false,
    "KeepAlive": false,
    "Riding": "None",
    "Spectate": "None",
    "Riding-Priority": true,
    "Transactions-DelayMode": "Dynamic",
    "KeepAlive-DelayMode": "Dynamic",
    "Transactions-SendMethod": "PollFirst",
    "KeepAlive-SendMethod": "PollFirst",
    "Transactions-PlayerTick-Delay": 1,
    "Transactions-SystemTick-MinDelay": 0,
    "Transactions-SystemTick-MaxDelay": 0,
    "KeepAlive-PlayerTick-Delay": 1,
    "KeepAlive-SystemTick-MinDelay": 0,
    "KeepAlive-SystemTick-MaxDelay": 0,
    "Transactions-Poll-MinAmount": 1,
    "Transactions-Poll-MaxAmount": 1,
    "KeepAlive-Poll-MinAmount": 1,
    "KeepAlive-Poll-MaxAmount": 1,
    "Transactions-MinBusSize": 0,
    "KeepAlive-MinBusSize": 0,
    "Transactions-DupeAmount": 1,
    "KeepAlive-DupeAmount": 1,
    "Clear-Transactions-After-Send": false,
    "Clear-Alive-After-Send": false,
    "Flush-When-Disable": false,
    "Debug": false
  },
  "Damage": {
    "Mode": "NCP",
    "NCPMode": "Glitch",
    "Damage": 1,
    "OnlyGround": true
  },
  "DamageParticle": {
    "AliveTicks": 20,
    "Size": 3,
    "CustomColor": false,
    "Red": 255,
    "Green": 255,
    "Blue": 255
  },
  "Disabler": {
    "Mode": "VanillaDesync",
    "PingSpoof-MinDelay": 200,
    "PingSpoof-MaxDelay": 250,
    "PingSpoof-StartSendMode": "All",
    "PingSpoof-SendMode": "All",
    "PingSpoof-WorldDelay": 15000,
    "Flag-Mode": "Edit",
    "Flag-TickDelay": 25,
    "Flag-SilentMode": false,
    "Matrix-NoModuleCheck": false,
    "Matrix-MoveFix": true,
    "Matrix-MoveOnly": false,
    "Matrix-NoMovePacket": true,
    "Matrix-HotbarChange": true,
    "LobbyCheck": true,
    "Verus-Flag": true,
    "Verus-SlientFlagApply": false,
    "Verus-QueueActiveSize": 300,
    "Verus-PurseDelay": 490,
    "Verus-FlagDelay": 40,
    "Verus-AntiFly": true,
    "Verus-FakeInput": true,
    "Verus-ValidPosition": true,
    "Waiting-Display": "Top",
    "Render-ServerSide": false,
    "BanAlert": false,
    "RotationModifier": false,
    "Tifality": false,
    "NoMoveKeepRot": true,
    "NoC03s": true,
    "PingSpoof": true,
    "Delay": 400,
    "InvValidate": true,
    "Debug": false
  },
  "ESP": {
    "Mode": "Box",
    "2D-CSGOStyle": true,
    "2D-ShowHealth": true,
    "2D-ShowHeldItem": true,
    "2D-ShowEntityName": true,
    "2D-Outline": true,
    "Outline-Width": 3.0,
    "WireFrame-Width": 2.0,
    "ShaderOutline-Radius": 1.35,
    "ShaderGlow-Radius": 2.3,
    "Color": "Custom",
    "Red": 255,
    "Green": 255,
    "Blue": 255,
    "Saturation": 1.0,
    "Brightness": 1.0,
    "Seconds": 2,
    "Team": false
  },
  "ESP2D": {
    "Outline": true,
    "Mode": "Box",
    "Health-bar": true,
    "HBar-Mode": "Dot",
    "Render-Absorption": true,
    "Armor-bar": true,
    "ABar-Mode": "Total",
    "HealthNumber": true,
    "HP-Mode": "Health",
    "ItemArmorNumber": true,
    "ArmorItems": true,
    "ArmorDurability": true,
    "Details-HoverOnly": false,
    "Tags": true,
    "Tags-Background": true,
    "Item-Tags": true,
    "Use-Clear-Name": false,
    "Local-Player": true,
    "Dropped-Items": false,
    "Color": "Custom",
    "Red": 255,
    "Green": 255,
    "Blue": 255,
    "Saturation": 1.0,
    "Brightness": 1.0,
    "Seconds": 2,
    "Font-Scale": 0.5,
    "Team": false
  },
  "Emoji": {
    "Mode": "Yaoer"
  },
  "EnchantEffect": {
    "Red": 255,
    "Green": 0,
    "Blue": 0,
    "Mode": "Custom",
    "Seconds": 1,
    "Delay": 5,
    "Saturation": 1.0,
    "Brightness": 1.0
  },
  "FakeLag": {
    "Mode": "All",
    "MoveOnly": true,
    "MinDelay": 0,
    "MaxDelay": 0,
    "Include": false,
    "Exclude": false,
    "IncludeClass": "c0f,confirmtransaction,packetplayer,c17",
    "ExcludeClass": "c0f,confirmtransaction,packetplayer,c17",
    "Debug": false
  },
  "FastBow": {
    "Packets": 20,
    "Delay": 0
  },
  "FastBreak": {
    "BreakDamage": 0.8
  },
  "FastClimb": {
    "Mode": "Vanilla",
    "UpSpeed": 0.2872,
    "DownSpeed": 0.2872,
    "Timer": 2.0,
    "SpartanTimerBoost": false
  },
  "FastPlace": {
    "Speed": 0
  },
  "FastStairs": {
    "Mode": "NCP",
    "LongJump": false
  },
  "FastUse": {
    "Mode": "NCP",
    "NoMove": false,
    "CustomDelay": 0,
    "CustomSpeed": 2,
    "CustomTimer": 1.1
  },
  "Fly": {
    "Mode": "Motion",
    "Speed": 2.0,
    "V-Speed": 2.0,
    "Y-Motion": 0.0,
    "KickBypass": false,
    "GroundSpoof": false,
    "NCPMotion": 0.0,
    "Verus-DamageMode": "None",
    "Verus-BoostMode": "Gradual",
    "Verus-ReDamage": true,
    "Verus-ReDamage-Ticks": 20,
    "Verus-VisualPos": false,
    "Verus-VisualHeight": 0.42,
    "Verus-Speed": 5.0,
    "Verus-Timer": 1.0,
    "Verus-Ticks": 20,
    "Verus-SpoofGround": false,
    "AAC5-NoClip": true,
    "AAC5-NoFall": true,
    "AAC5-UseC04": true,
    "AAC5-Packet": "Original",
    "AAC5-Purse": 7,
    "Clip-DelayTick": 25,
    "Clip-Horizontal": 7.9,
    "Clip-Vertical": 1.75,
    "Clip-MotionY": 0.0,
    "Clip-Timer": 1.0,
    "Clip-GroundSpoof": true,
    "Clip-CollisionCheck": true,
    "Clip-NoMove": true,
    "PearlActiveCheck": "Teleport",
    "AAC1.9.10-Speed": 0.3,
    "AAC3.0.5-Fast": true,
    "AAC3.3.12-Motion": 10.0,
    "AAC3.3.13-Motion": 10.0,
    "BoostHypixel-Mode": "Default",
    "BoostHypixel-VisualY": true,
    "BoostHypixel-MoreC04s": false,
    "Hypixel-Boost": true,
    "Hypixel-BoostDelay": 1200,
    "Hypixel-BoostTimer": 1.0,
    "MineplexSpeed": 1.0,
    "NeruxVace-Ticks": 6,
    "ResetMotion": true,
    "FakeDamage": true,
    "Bobbing": true,
    "BobbingAmount": 0.2,
    "Mark": true
  },
  "FreeCam": {
    "Speed": 0.8,
    "Fly": true,
    "NoClip": true,
    "Undetectable": true
  },
  "Fucker": {
    "Block": 26,
    "IgnoreFirstDetection": false,
    "ResetOnWorldChange": false,
    "Render-Mode": "Box",
    "ThroughWalls": "None",
    "Range": 5.0,
    "Action": "Destroy",
    "Instant": false,
    "SwitchDelay": 250,
    "Cooldown-Seconds": 15,
    "Swing": true,
    "Rotations": true,
    "Surroundings": true,
    "NoAura": false,
    "ResetCoolDownWhenToggled": false
  },
  "Fullbright": {
    "Mode": "NightVision"
  },
  "Gapple": {
    "Mode": "Once",
    "Health": 10.0,
    "Delay": 150,
    "NoAbsorption": true
  },
  "GhostHand": {
    "Block": 54
  },
  "HUD": {
    "Tab-HeadOverlay": true,
    "AnimatedHotbar": true,
    "BlackHotbar": true,
    "InventoryParticle": false,
    "FontChat": false,
    "CommandChatBorder": true,
    "Font": {
      "fontName": "Roboto Medium",
      "fontSize": 40
    },
    "ChatRect": true,
    "ChatCombine": true,
    "ChatAnimation": true,
    "Chat-AnimationSpeed": 0.1,
    "Hue Interpolate": false,
    "Moving Colors": false,
    "WhiteInfo": false,
    "RainbowBrightness": 1.0,
    "RainbowSaturation": 0.7,
    "RainbowSpeed": 6.0,
    "RainbowStop": 0.58,
    "RainbowStart": 0.41,
    "DisplayToggleMessage": false,
    "ToggleSound": "Default",
    "ToggleVolume": 100,
    "Button-Style": "Minecraft",
    "Container-Background": false,
    "Container-Button": "TopLeft",
    "InvEffect-Offset": false,
    "Scoreboard-Domain": ".hud scoreboard-domain \u003cyour domain here\u003e"
  },
  "HanabiEffects": {
    "BorderRadius": 4.62,
    "R": 235,
    "G": 243,
    "B": 255
  },
  "Heal": {
    "HealthPercent": 75.0,
    "MinDelay": 75,
    "MaxDelay": 125,
    "RegenSec": 4.6,
    "GroundCheck": false,
    "VoidCheck": true,
    "WaitRegen": true,
    "InvCheck": false,
    "AbsorpCheck": true
  },
  "HighJump": {
    "Height": 2.0,
    "Mode": "Vanilla",
    "OnlyGlassPane": false
  },
  "HitBox": {
    "Size": 0.4
  },
  "IceSpeed": {
    "Mode": "NCP"
  },
  "Ignite": {
    "Lighter": true,
    "Lava": true
  },
  "InvManager": {
    "MaxDelay": 100,
    "MinDelay": 100,
    "OnEvent": "Update",
    "InvOpen": false,
    "InvSpoof": true,
    "InvSpoof-Old": false,
    "WearArmors": true,
    "NoMove": false,
    "NoScaffold": true,
    "Hotbar": true,
    "RandomSlot": false,
    "Sort": true,
    "CleanGarbage": true,
    "ItemDelay": 0,
    "IgnoreVehicles": false,
    "OnlyPositivePotion": false,
    "NBTGoal": "NONE",
    "NBTItemNotGarbage": true,
    "NBTArmorPriority": 0.0,
    "NBTWeaponPriority": 0.0,
    "SortSlot-1": "Sword",
    "SortSlot-2": "Gapple",
    "SortSlot-3": "Potion",
    "SortSlot-4": "Pickaxe",
    "SortSlot-5": "Axe",
    "SortSlot-6": "None",
    "SortSlot-7": "Block",
    "SortSlot-8": "Pearl",
    "SortSlot-9": "Food"
  },
  "InvMove": {
    "Mode": "Vanilla",
    "InvSprint": "Keep",
    "NoDetectable": false,
    "NoMoveClicks": false
  },
  "ItemESP": {
    "Mode": "Box",
    "R": 0,
    "G": 255,
    "B": 0,
    "Rainbow": true
  },
  "ItemPhysics": {
    "Weight": 0.5
  },
  "ItemTeleport": {
    "Mode": "New",
    "ResetAfterTP": true,
    "Button": "Middle"
  },
  "KeepAlive": {
    "Mode": "/heal",
    "MaxHealth": 10.0
  },
  "KeepSprint": {
    "Mode": "Vanilla",
    "SlowDown": 100.0
  },
  "Kick": {
    "Mode": "Quit"
  },
  "KillAura": {
    "MaxCPS": 10,
    "MinCPS": 10,
    "HurtTime": 10,
    "Range": 3.55,
    "ThroughWallsRange": 0.0,
    "RangeSprintReducement": 0.0,
    "RotationMode": "Vanilla",
    "Spin-HitHurtTime": 10,
    "MaxSpinSpeed": 180.0,
    "MinSpinSpeed": 180.0,
    "MaxTurnSpeed": 180.0,
    "MinTurnSpeed": 180.0,
    "RoundAngle": false,
    "RoundAngle-Directions": 4,
    "NoSendRotation": true,
    "NoHitCheck": false,
    "BlinkCheck": true,
    "Priority": "Armor",
    "TargetMode": "Single",
    "SwitchDelay": 1000,
    "Swing": true,
    "1.9OrderCheck": false,
    "KeepSprint": true,
    "AutoBlock": "Vanilla",
    "Open-AutoBlock-Settings": false,
    "InteractAutoBlock": false,
    "VerusAutoBlock": false,
    "AutoBlockThroughWalls": false,
    "SmartAutoBlock": false,
    "SmartAutoBlock-ItemCheck": false,
    "SmartAutoBlock-FacingCheck": true,
    "SmartAB-Range": 3.5,
    "SmartAB-Toleration": 0.0,
    "AfterTickPatch": false,
    "BlockRate": 80,
    "RayCast": true,
    "RayCastIgnored": false,
    "LivingRayCast": true,
    "AAC": false,
    "SilentRotation": true,
    "Strafe": "Silent",
    "FOV": 150.0,
    "Predict": false,
    "MaxPredictSize": 1.0,
    "MinPredictSize": 1.0,
    "RandomCenter": false,
    "NewCalc": true,
    "MinMultiply": 0.8,
    "MaxMultiply": 0.8,
    "Outborder": false,
    "FailRate": 0.0,
    "FakeSwing": false,
    "NoInvAttack": false,
    "NoInvDelay": 200,
    "LimitedMultiTargets": 0,
    "NoScaffold": true,
    "Debug": false,
    "Circle": false,
    "Accuracy": 15,
    "FakeSharp": true,
    "FakeSharp-SwordOnly": true,
    "Red": 255,
    "Green": 255,
    "Blue": 255,
    "Alpha": 255
  },
  "Lightning": {
    "Chat": true,
    "Notification": false
  },
  "LiquidWalk": {
    "Mode": "NCP",
    "NoJump": false,
    "AACFlyMotion": 0.5,
    "MatrixSpeed": 1.15
  },
  "LongJump": {
    "Mode": "NCP",
    "AutoJump": false,
    "NCPBoost": 4.25,
    "MatrixFlag-Boost": 1.95,
    "MatrixFlag-Height": 5.0,
    "MatrixFlag-Silent": true,
    "MatrixFlag-BypassMode": "EqualMotion",
    "MatrixFlag-Debug": true,
    "Redesky-TimerBoost": false,
    "Redesky-GlideAfterTicks": false,
    "Redesky-Ticks": 21,
    "Redesky-YMultiplier": 0.77,
    "Redesky-XZMultiplier": 0.9,
    "Redesky-TimerBoostStart": 1.85,
    "Redesky-TimerBoostEnd": 1.0,
    "Redesky-TimerBoost-SlowDownSpeed": 2,
    "VerusDmg-DamageMode": "None",
    "VerusDmg-Boost": 4.25,
    "VerusDmg-Height": 0.42,
    "VerusDmg-Timer": 1.0,
    "Pearl-Boost": 4.25,
    "Pearl-Height": 0.42,
    "Pearl-Timer": 1.0,
    "Damage-Boost": 4.25,
    "Damage-Height": 0.42,
    "Damage-Timer": 1.0,
    "Damage-NoMove": false,
    "Damage-AutoReset": false,
    "SpoofY": false,
    "AutoDisable": false
  },
  "NameProtect": {
    "FakeName": "\u0026cMe",
    "AllPlayersFakeName": "Censored",
    "Yourself": true,
    "Tag": false,
    "AllPlayers": false,
    "SkinProtect": false,
    "CustomSkin": false
  },
  "NewGUI": {
    "FastRender": false,
    "Color": "Custom",
    "Red": 0,
    "Green": 140,
    "Blue": 255,
    "Saturation": 1.0,
    "Brightness": 1.0,
    "Seconds": 2
  },
  "NoFOV": {
    "FOV": 1.0
  },
  "NoFall": {
    "Type": "Edit",
    "Edit-Mode": "Always",
    "Packet-Mode": "Default",
    "AAC-Mode": "Default",
    "Hypixel-Mode": "Default",
    "Matrix-Mode": "Old",
    "PhaseOffset": 1,
    "MinMLGHeight": 5.0,
    "MotionSpeed": -0.01,
    "Void-Check": true
  },
  "NoRender": {
    "All": true,
    "NameTags": true,
    "Items": true,
    "Players": true,
    "Mobs": true,
    "Animals": true,
    "ArmorStand": true,
    "AutoReset": true,
    "MaxRenderRange": 4.0
  },
  "NoRotateSet": {
    "Confirm": true,
    "ConfirmIllegalRotation": false,
    "NoZero": false
  },
  "NoSlow": {
    "PacketMode": "Watchdog",
    "BlockForwardMultiplier": 1.0,
    "BlockStrafeMultiplier": 1.0,
    "ConsumeForwardMultiplier": 1.0,
    "ConsumeStrafeMultiplier": 1.0,
    "BowForwardMultiplier": 1.0,
    "BowStrafeMultiplier": 1.0,
    "SneakForwardMultiplier": 1.0,
    "SneakStrafeMultiplier": 1.0,
    "CustomReleasePacket": false,
    "CustomPlacePacket": false,
    "CustomOnGround": false,
    "CustomDelay": 60,
    "SendPacket": false,
    "CheckInUseCount": true,
    "PacketTrigger": "PostRelease",
    "Debug": false,
    "Soulsand": true,
    "LiquidPush": true
  },
  "NoSlowBreak": {
    "Air": true,
    "Water": false
  },
  "NoWeb": {
    "Mode": "None",
    "HorizonSpeed": 0.1
  },
  "Nuker": {
    "Radius": 5.2,
    "ThroughWalls": false,
    "Priority": "Distance",
    "Rotations": true,
    "Layer": false,
    "HitDelay": 4,
    "Nuke": 1,
    "NukeDelay": 1
  },
  "PacketFixer": {
    "BlinkFreeCam3Y": true,
    "Timer3A": true,
    "Scaffold14D": true,
    "Scaffold14E": true,
    "Fly4I": false,
    "Fly4C": false
  },
  "Patcher": {
    "NoHitDelay": false,
    "JumpFix": true,
    "ChatPosition1.12": true,
    "SilentNPE-SpawnPlayer": true,
    "ThirdPersonCrosshair": true
  },
  "Phase": {
    "Mode": "Vanilla"
  },
  "PingSpoof": {
    "MaxDelay": 1000,
    "MinDelay": 500
  },
  "PointerESP": {
    "Mode": "Solid",
    "Red": 140,
    "Green": 140,
    "Blue": 255,
    "Alpha": 255,
    "Size": 100,
    "TriangleRadius": 2.2,
    "NoEntityInView": true
  },
  "Projectiles": {
    "Color": "Custom",
    "R": 0,
    "G": 160,
    "B": 255
  },
  "ProphuntESP": {
    "R": 0,
    "G": 90,
    "B": 255,
    "Rainbow": false
  },
  "Reach": {
    "CombatReach": 3.5,
    "BuildReach": 5.0
  },
  "Regen": {
    "Mode": "Vanilla",
    "Health": 18,
    "Food": 18,
    "Speed": 100,
    "NoAir": false,
    "PotionEffect": false
  },
  "ResetVL": {
    "YMotion": 0.08,
    "Amount": 25,
    "Timer": 2.25
  },
  "ReverseStep": {
    "Motion": 1.0
  },
  "Rotations": {
    "Head": true,
    "Body": true
  },
  "SafeWalk": {
    "AirSafe": false,
    "OnlyPredictVoid": false
  },
  "Scaffold": {
    "EnableTower": false,
    "TowerMode": "Jump",
    "Tower-PlaceTiming": "Post",
    "StopWhenBlockAbove": false,
    "OnJump": false,
    "NoMove": true,
    "NoMoveFreezePlayer": true,
    "TowerTimer": 1.0,
    "JumpMotion": 0.42,
    "JumpDelay": 0,
    "StableMotion": 0.41982,
    "StableFakeJump": false,
    "StableStop": false,
    "StableStopDelay": 1500,
    "ConstantMotion": 0.42,
    "ConstantMotionJumpGround": 0.79,
    "TeleportHeight": 1.15,
    "TeleportDelay": 0,
    "TeleportGround": true,
    "TeleportNoMotion": false,
    "Mode": "Normal",
    "PlaceableDelay": false,
    "MaxDelay": 0,
    "MinDelay": 0,
    "SmartDelay": true,
    "AutoBlock": "Switch",
    "StayAutoBlock": true,
    "SprintMode": "Off",
    "Swing": false,
    "Down": false,
    "Search": true,
    "PlaceTiming": "Post",
    "Eagle": false,
    "EagleSilent": false,
    "BlocksToEagle": 0,
    "EagleEdgeDistance": 0.2,
    "OmniDirectionalExpand": true,
    "ExpandLength": 5,
    "Rotations": true,
    "NoHitCheck": false,
    "RotationMode": "AAC",
    "RotationLookup": "AAC",
    "MaxTurnSpeed": 180.0,
    "MinTurnSpeed": 180.0,
    "Static-Pitch": 86.0,
    "Custom-Yaw": 135.0,
    "Custom-Pitch": 86.0,
    "Spin-Speed": 5.0,
    "Spin-Pitch": 90.0,
    "KeepRotOnJump": true,
    "KeepRotation": true,
    "KeepRotationLength": 0,
    "Place-Condition": "Always",
    "RotationStrafe": false,
    "Zitter": false,
    "ZitterMode": "Teleport",
    "ZitterSpeed": 0.13,
    "ZitterStrength": 0.072,
    "ZitterDelay": 100,
    "Timer": 1.0,
    "SpeedModifier": 1.0,
    "XZ-Multiplier": 1.0,
    "CustomSpeed": false,
    "CustomMoveSpeed": 0.3,
    "SameY": false,
    "AutoJump": false,
    "SmartSpeed": false,
    "SafeWalk": true,
    "AirSafe": false,
    "AutoDisable-Speed": true,
    "Counter": "Sigma",
    "Mark": true,
    "Red": 255,
    "Green": 255,
    "Blue": 255,
    "Alpha": 72,
    "Blur-Advanced": false,
    "Blur-Strength": 1.0
  },
  "ServerCrasher": {
    "Mode": "Book",
    "PacketAmount": 500
  },
  "Skeletal": {
    "Red": 255,
    "Green": 255,
    "Blue": 255,
    "SmoothLines": true
  },
  "SlimeJump": {
    "Motion": 0.42,
    "Mode": "Add"
  },
  "Sneak": {
    "Mode": "MineSecure",
    "StopMove": false
  },
  "Spammer": {
    "MaxDelay": 1000,
    "MinDelay": 500,
    "Message": "Example text",
    "Custom": false,
    "Placeholder guide": "",
    "%f": "Random float",
    "%i": "Random integer (max length 10000)",
    "%s": "Random string (max length 9)",
    "%ss": "Random short string (max length 5)",
    "%ls": "Random long string (max length 16)"
  },
  "Speed": {
    "Type": "Hypixel",
    "NCP-Mode": "BHop",
    "AAC-Mode": "4Hop",
    "Hypixel-Mode": "Boost",
    "Spectre-Mode": "BHop",
    "Other-Mode": "Boost",
    "Verus-Mode": "Hop",
    "Matrix-Mode": "MatrixSemiStrafe",
    "ModifySprinting": true,
    "UseTimer": true,
    "SmoothStrafe": true,
    "StrSpeed": 0.42,
    "MotionY": 0.42,
    "Verus-Timer": 1.0,
    "CustomSpeed": 1.6,
    "CustomLaunchSpeed": 1.6,
    "CustomAddYMotion": 0.0,
    "CustomY": 0.0,
    "CustomUpTimer": 1.0,
    "CustomDownTimer": 1.0,
    "CustomStrafe": "Boost",
    "CustomGroundStay": 0,
    "CustomGroundResetXZ": false,
    "CustomResetXZ": false,
    "CustomResetY": false,
    "CustomDoLaunchSpeed": true,
    "NoBob": true,
    "JumpStrafe": false,
    "SendJump": true,
    "ReCalculate": true,
    "GlideStrength": 0.03,
    "MoveSpeed": 1.47,
    "JumpY": 0.42,
    "BaseMultiplier": 1.0,
    "BaseTimer": 1.5,
    "BaseMultiplierTimer": 1.0,
    "BypassWarning": true,
    "AAC-PortLength": 1.0,
    "AACGround-Timer": 3.0,
    "CubeCraft-PortLength": 1.0,
    "MineplexGround-Speed": 0.5,
    "Tag": "Type"
  },
  "SpeedMine": {
    "Mode": "NewPacket",
    "BreakSpeed": 1.2
  },
  "SpinBot": {
    "Yaw": "Offset",
    "Pitch": "Offset",
    "Static/Offset-Yaw": 0.0,
    "Static/Offset-Pitch": 0.0,
    "YawJitterTimer": 1,
    "PitchJitterTimer": 1,
    "YawSpinSpeed": 5.0
  },
  "Sprint": {
    "AllDirections": false,
    "AllDir-NoPacketsPatch": true,
    "AllDir-MoveDirPatch": false,
    "Blindness": false,
    "Food": false,
    "CheckServerSide": false,
    "CheckServerSideOnlyGround": false
  },
  "Step": {
    "Mode": "NCP",
    "Height": 1.0,
    "Timer": 1.0,
    "JumpHeight": 0.42,
    "Delay": 0
  },
  "StorageESP": {
    "Mode": "Outline",
    "Chest": true,
    "EnderChest": true,
    "Furnace": true,
    "Dispenser": true,
    "Hopper": true
  },
  "Strafe": {
    "Strength": 0.5,
    "NoMoveStop": false,
    "OnGroundStrafe": false,
    "AllDirectionsJump": false
  },
  "SuperKnockback": {
    "HurtTime": 10,
    "Mode": "ExtraPacket",
    "Delay": 0
  },
  "TNTBlock": {
    "Fuse": 10,
    "Range": 9.0,
    "AutoSword": true
  },
  "TargetMark": {
    "Mode": "Default",
    "Color": "Custom",
    "Red": 255,
    "Green": 255,
    "Blue": 255,
    "Alpha": 255,
    "JelloEndAlphaPercent": 0.4,
    "JelloCircleWidth": 3.0,
    "JelloGradientHeight": 3.0,
    "JelloFadeSpeed": 0.1,
    "Saturation": 1.0,
    "Brightness": 1.0,
    "Seconds": 2,
    "MoveMarkY": 0.6,
    "Thickness": 1.0,
    "Team": false
  },
  "TargetStrafe": {
    "Radius": 2.0,
    "Render": true,
    "Always-Render": true,
    "KeyMode": "None",
    "SafeWalk": true,
    "ThirdPerson": true,
    "Color": "Custom",
    "Red": 255,
    "Green": 255,
    "Blue": 255,
    "Saturation": 0.7,
    "Brightness": 1.0,
    "Mixer-Seconds": 2,
    "Accuracy": 0,
    "Thickness": 1.0,
    "Outline": true,
    "ExperimentalSpeed": false
  },
  "Teams": {
    "ScoreboardTeam": false,
    "Color": true,
    "GommeSW": false,
    "ArmorColor": false,
    "ArmorIndex": 3
  },
  "Teleport": {
    "IgnoreNoCollision": true,
    "Mode": "Blink",
    "Button": "Middle",
    "RequireSneak": true
  },
  "TeleportAura": {
    "APS": 1,
    "MaxTargets": 2,
    "Range": 80,
    "FOV": 180.0,
    "MaxMoveSpeed": 8.0,
    "Swing": "Normal",
    "NoStandingPackets": true,
    "NoKillAura": true,
    "Render": "Box",
    "Priority": "Distance"
  },
  "Timer": {
    "Speed": 2.0,
    "OnMove": true,
    "AutoDisable": true
  },
  "Tracers": {
    "Color": "Custom",
    "Thickness": 2.0,
    "R": 0,
    "G": 160,
    "B": 255,
    "Directline": false,
    "FOV-Mode": "All",
    "FOV": 180.0
  },
  "TrueSight": {
    "Barriers": true,
    "Entities": true
  },
  "Velocity": {
    "Horizontal": 0.03,
    "Vertical": 0.0,
    "HorizontalExplosion": 0.0,
    "VerticalExplosion": 1.0,
    "Mode": "Simple",
    "AAC5.2.0-Attack-Only": true,
    "Reduce-Chance": 100.0,
    "ReverseStrength": 1.0,
    "SmoothReverseStrength": 0.05,
    "AACPushXZReducer": 2.0,
    "AACPushYReducer": true,
    "LegitStrafe": false,
    "LegitFace": true,
    "AACStrafeValue": false,
    "Phase-Offset": 0.05
  },
  "WallClimb": {
    "Mode": "Simple",
    "ClipMode": "Fast",
    "CheckerClimbMotion": 0.0,
    "VerusClimbSpeed": 0.0
  },
  "WaterSpeed": {
    "Speed": 1.2
  },
  "Zoot": {
    "BadEffects": true,
    "Fire": true,
    "NoAir": false
  }
}
